Timestep,C7,L.ASIS,L.PSIS,L_5meta,L_HJC,L_HJC_reg,L_Shoulder,L_Sternum,L_ankle,L_calc,L_elbow_lat,L_elbow_med,L_forearm,L_humerus,L_knee,L_sh2,L_sh3,L_shank_antsup,L_thigh1,L_thigh2,L_thigh3,L_thigh4,L_toe,L_wrist_radius,L_wrist_ulna,R_HJC,R_HJC_reg,R_Shoulder,R_Sternum,R_elbow_lat,R_elbow_med,R_forearm,R_humerus,R_wrist_radius,R_wrist_ulna,r.ASIS,r.PSIS,r_5meta,r_ankle,r_calc,r_knee,r_sh2,r_sh3,r_sh4,r_shank_antsup,r_thigh1,r_thigh2,r_thigh3,r_thigh4,r_thigh5,r_toe
All Timesteps RMSE,0.00670917,0.019184,0.0166334,0.00967687,0.00618935,0,0.0271004,0.00715383,0.00804794,0.010515,0.0104669,0.0113486,0,0,0.00911128,0.0117196,0.00982508,0.00849842,0.0148513,0.0180493,0.0133597,0.0111241,0.00997013,0.00354696,0.00601035,0.00616927,0,0.0230094,0.00519975,0.0123495,0.0133597,0,0,0.00335782,0.00396842,0.0204001,0.0149921,0.0094471,0.00566919,0.00922507,0.00788734,0.00641534,0.0096721,0.00828404,0.00618227,0.00976845,0.00968231,0.00943082,0.00966669,0.00962172,0.00787918
0,0.00454067,0.0273951,0.0198851,0.0187644,0.00342745,0,0.0271261,0.00622216,0.00904751,0.0198318,0.00707151,0.0108463,0,0,0.0095811,0.0105728,0.00409921,0.012911,0.026888,0.0217747,0.0191748,0.0140054,0.0219057,0.00182271,0.00159421,0.00595843,0,0.0271367,0.00429458,0.017119,0.0183724,0,0,0.00663025,0.00746083,0.0189699,0.0184544,0.00610196,0.00459437,0.00622393,0.00718183,0.00324139,0.00609552,0.00366531,0.00265553,0.00718076,0.00675699,0.00387068,0.00604935,0.00245866,0.00136398
1,0.00449474,0.0268658,0.0198931,0.019927,0.00303273,0,0.0272211,0.00589625,0.0112555,0.0220155,0.00767472,0.0116832,0,0,0.0103805,0.0105364,0.00279729,0.0132607,0.026827,0.0217775,0.0196283,0.014657,0.0240665,0.00177858,0.0013905,0.00519699,0,0.0271541,0.00397516,0.0170569,0.0183006,0,0,0.00663634,0.00750274,0.0197741,0.0181274,0.00475682,0.0039384,0.00729773,0.00661674,0.00188473,0.00457851,0.00130676,0.000614055,0.00473168,0.00490537,0.00133089,0.00364264,0.000648494,0.00119874
2,0.0046336,0.025659,0.0200226,0.0185746,0.00249931,0,0.0272104,0.00567415,0.0104346,0.0210229,0.00812628,0.0122451,0,0,0.0106816,0.0100257,0.00320482,0.0129761,0.0266081,0.0217051,0.0193533,0.0147248,0.0236199,0.00147119,0.00150811,0.00449964,0,0.0269741,0.0036425,0.0168252,0.0180904,0,0,0.00636167,0.00724521,0.020336,0.0177454,0.00364985,0.00338485,0.00870772,0.00610033,0.00224451,0.00391039,0.00113408,0.00121576,0.00308347,0.00396006,0.00162571,0.00175216,0.0029387,0.00260036
3,0.00475233,0.0243495,0.0201112,0.0143068,0.00199913,0,0.027192,0.00545385,0.00654687,0.0163369,0.00858157,0.01273,0,0,0.00992901,0.00907045,0.0057891,0.0115434,0.0259684,0.0213145,0.0181749,0.0138814,0.0200437,0.00125951,0.00156064,0.00386924,0,0.0267883,0.00332933,0.0165669,0.0178331,0,0,0.0061172,0.00701644,0.0208723,0.0173642,0.00349042,0.00355274,0.01005,0.00570995,0.00336573,0.00437118,0.00305475,0.00293557,0.00247197,0.00391165,0.00385557,0.00201504,0.00520547,0.00373321
4,0.00527776,0.0230192,0.0204819,0.0106821,0.00239808,0,0.0268784,0.00542845,0.004,0.0105763,0.00855863,0.0124783,0,0,0.00914249,0.00850688,0.0087799,0.0104684,0.0252583,0.0208164,0.0167473,0.0128758,0.0159793,0.000676291,0.00229492,0.00377052,0,0.0262653,0.00301391,0.0160059,0.017364,0,0,0.00546153,0.00635487,0.0210898,0.0173533,0.00393567,0.00370802,0.0115474,0.00567798,0.00440132,0.00511365,0.00418859,0.00421974,0.00272906,0.00457792,0.00602253,0.00371416,0.00755224,0.0053645
5,0.005473,0.0219871,0.0208413,0.0102016,0.00283613,0,0.0266435,0.00520759,0.00678275,0.00498015,0.00860238,0.0123025,0,0,0.0085877,0.00850498,0.0116042,0.0101344,0.0239753,0.0200408,0.014682,0.0117733,0.0125757,0.000662771,0.00251718,0.00378007,0,0.0258444,0.00267546,0.0153805,0.0168509,0,0,0.00514804,0.00591117,0.0217995,0.01732,0.00467515,0.0040631,0.0120637,0.00545849,0.00528627,0.00654222,0.00572286,0.00550877,0.00358727,0.00493489,0.00717364,0.00452499,0.00864172,0.00587791
6,0.0054083,0.020441,0.0206912,0.0102516,0.00305243,0,0.026556,0.00506675,0.00736965,0.00445534,0.00884036,0.0122392,0,0,0.00900037,0.00684479,0.0102607,0.00927209,0.0230358,0.0191893,0.0139095,0.0116462,0.0128828,0.00073381,0.00257827,0.00370558,0,0.0256482,0.0025469,0.0150639,0.0164782,0,0,0.0049445,0.00565999,0.0214929,0.0167382,0.00554814,0.00414625,0.0121631,0.00526339,0.00592282,0.0075696,0.00683676,0.00633849,0.00433349,0.00522278,0.00779505,0.00471757,0.00917827,0.00586184
7,0.0053334,0.0186733,0.0205381,0.010347,0.00331707,0,0.0264338,0.00495329,0.00796647,0.00404481,0.00894256,0.0119604,0,0,0.00924885,0.00504069,0.00883518,0.00848531,0.0218431,0.018023,0.0130822,0.011229,0.0130747,0.000845816,0.00267564,0.00384817,0,0.0253968,0.0024587,0.0146957,0.0160229,0,0,0.00469999,0.00535815,0.0208479,0.0159848,0.00632926,0.00390677,0.0118702,0.00513197,0.00620494,0.00809417,0.00748894,0.00670585,0.00481327,0.00513587,0.0078407,0.00459159,0.0091741,0.0057099
8,0.00527942,0.0166603,0.0203929,0.0104068,0.0036014,0,0.0262871,0.00486856,0.00852868,0.00394327,0.00891183,0.0115071,0,0,0.00935243,0.00335566,0.00743583,0.0079385,0.0204199,0.0165393,0.0123592,0.0105718,0.0130149,0.00100358,0.00281547,0.00411902,0,0.0250997,0.00241054,0.0142981,0.0155152,0,0,0.00442411,0.00502269,0.0199432,0.0150592,0.0069929,0.00348332,0.0113663,0.00505289,0.00620748,0.00819655,0.00779388,0.00669073,0.0050708,0.00478683,0.00749758,0.00430058,0.00880667,0.00556533
9,0.00527111,0.0144395,0.020232,0.0103208,0.00391612,0,0.0261339,0.00481876,0.00904398,0.00436615,0.00877048,0.0109403,0,0,0.00940637,0.0025138,0.00615204,0.00766832,0.0188259,0.0147532,0.0119272,0.0098414,0.0125834,0.00121834,0.00300322,0.00440144,0,0.0247754,0.00239885,0.0139004,0.0150067,0,0,0.00413433,0.00466688,0.0189111,0.0140038,0.00752866,0.0030275,0.0108522,0.00501798,0.0060447,0.008047,0.00789,0.00643606,0.00519375,0.00436192,0.00699947,0.00401498,0.00830298,0.0054882
10,0.00532115,0.0121283,0.0199968,0.00996552,0.0042922,0,0.0259931,0.00481484,0.00952129,0.00537317,0.00855521,0.0103316,0,0,0.00954336,0.00340297,0.00513362,0.00762316,0.0171482,0.0126955,0.0119279,0.00930111,0.0117152,0.00149284,0.00323268,0.00460474,0,0.0244476,0.00241494,0.0135385,0.0145449,0,0,0.00385433,0.00432696,0.0179067,0.0128788,0.00793467,0.00263776,0.0104769,0.00502936,0.00581537,0.00779034,0.00787126,0.00609022,0.00527134,0.00403011,0.00653418,0.00387076,0.00785413,0.00545495
11,0.00543819,0.00997399,0.0196256,0.0092206,0.00470895,0,0.0258837,0.00486757,0.00996069,0.00677542,0.00830261,0.00974395,0,0,0.00983557,0.00520647,0.00465173,0.00771829,0.0154905,0.0104296,0.0123939,0.00921756,0.0104301,0.00182328,0.00348719,0.00466953,0,0.0241279,0.00244599,0.0132371,0.0141495,0,0,0.0036153,0.00407646,0.0170766,0.0117727,0.00822695,0.00235807,0.0103053,0.00509857,0.00558934,0.00749233,0.00777925,0.00576398,0.00535224,0.0038725,0.00619106,0.00392393,0.0075626,0.00539567
12,0.00560489,0.00823723,0.0190558,0.00798762,0.00518071,0,0.0258202,0.0049995,0.0103552,0.00826547,0.00805663,0.0092338,0,0,0.0103384,0.00723465,0.00491237,0.00792436,0.0139695,0.00814557,0.0132044,0.00973814,0.00886504,0.00221529,0.00380498,0.00461236,0,0.0238442,0.00248273,0.0129975,0.0138635,0,0,0.00341929,0.00382428,0.016492,0.0107106,0.00840548,0.00218633,0.0103095,0.00521866,0.00537186,0.00715229,0.0076009,0.00548764,0.0054445,0.00386864,0.00598144,0.00416625,0.00743742,0.00528449
13,0.00581479,0.00726807,0.0182996,0.00623394,0.00563399,0,0.0258134,0.00520648,0.01065,0.00951985,0.00784748,0.0088288,0,0,0.0109783,0.00924201,0.00576045,0.00815913,0.0127321,0.00601049,0.0142232,0.0108105,0.00732897,0.00264097,0.00416326,0.0044782,0,0.0235932,0.0025174,0.0128199,0.0136546,0,0,0.00328972,0.00365141,0.0162052,0.00977793,0.00849624,0.00212082,0.0104224,0.00537866,0.0051649,0.00676017,0.00733464,0.00525833,0.00549151,0.00392408,0.00586442,0.00454525,0.00743177,0.00510894
14,0.00605289,0.00718234,0.017422,0.00411491,0.00602624,0,0.0258693,0.00547313,0.0108891,0.0104412,0.00769758,0.00853105,0,0,0.0116026,0.0111148,0.00692834,0.00839895,0.0118535,0.00419797,0.0152626,0.012241,0.0063993,0.00307911,0.00456798,0.00435152,0,0.0233756,0.00255267,0.0126909,0.0135091,0,0,0.00322094,0.00354416,0.0162145,0.00904366,0.00852697,0.00213912,0.0105662,0.00555994,0.00495658,0.00632395,0.00699286,0.00505632,0.00544311,0.00394653,0.00579833,0.00499709,0.00748441,0.00489432
15,0.00629197,0.00787298,0.0165073,0.00211843,0.00641327,0,0.025997,0.00577122,0.0115041,0.0115215,0.00762371,0.00832456,0,0,0.0119026,0.0128001,0.00838125,0.00881646,0.0110029,0.00596978,0.0159621,0.0136111,0.00674775,0.00350834,0.00501526,0.00434259,0,0.0232056,0.00260047,0.0126216,0.0134419,0,0,0.00320751,0.00350305,0.0164475,0.00852112,0.00852213,0.00219368,0.0106722,0.00574142,0.00474117,0.00588059,0.00661341,0.00487211,0.00532438,0.00389088,0.00575811,0.00544783,0.00754278,0.00468047
16,0.00648818,0.0080876,0.0157504,0.0020837,0.00592161,0,0.0261609,0.00603868,0.0102459,0.00980659,0.0076703,0.0082179,0,0,0.0135794,0.0146772,0.00905927,0.00840614,0.0115311,0,0.0181683,0,0.00680557,0.0038948,0.00547666,0.00407941,0,0.0230711,0.00263615,0.0125668,0.0133509,0,0,0.00317131,0.0035293,0.0170623,0.00853731,0.00865466,0.00232519,0.0108414,0.00602838,0.00460366,0.00548804,0.00629482,0.00472688,0.00498511,0.00380675,0.00576797,0.00579188,0.00766187,0.00460228
17,0.00665386,0.00881586,0.0151388,0.00359888,0.00611058,0,0.0264077,0.0062885,0.0103392,0.00967074,0.0077634,0.00814497,0,0,0.0139489,0.0161936,0.0104199,0.00841133,0.0120191,0,0.0193025,0,0.0079164,0.0042543,0.00595038,0.00441721,0,0.0229904,0.00270932,0.0125775,0.0134024,0,0,0.00318062,0.00356166,0.0177409,0.0084745,0.00870312,0.0023572,0.0108607,0.00616996,0.00447611,0.00521376,0.00604211,0.00463791,0.00471672,0.00368951,0.00579385,0.00611022,0.00776026,0.0045411
18,0.00681718,0.0096961,0.0147374,0.00490072,0.00739639,0,0.0266687,0.00650333,0.0104893,0.00944667,0.00785034,0.00805598,0,0,0.0142948,0.0177392,0.0118747,0.00854918,0.0130489,0,0.0200188,0,0.00869129,0.00462249,0.00647496,0,0,0.0229306,0.00281632,0.0126103,0.0135074,0,0,0.00318284,0.00361251,0.0187482,0.00817715,0.00858528,0.00219046,0.010664,0.00596043,0.00437972,0.0051719,0.00593381,0.00468191,0.00442072,0.00349664,0.00577218,0.00649607,0.00780793,0.00444526
19,0.00681174,0.0100964,0.0145331,0.0060127,0.0065916,0,0.0269478,0.00660697,0.0107987,0.00935348,0.00810658,0.00816411,0,0,0.0144362,0.0194214,0.0137043,0.00874018,0.0137465,0,0.0214422,0,0.00928548,0.00488589,0.00688046,0.00494788,0,0.0228905,0.00288972,0.0125712,0.0135247,0,0,0.00312621,0.0035926,0.0191098,0.00858719,0.0089497,0.00235586,0.0108242,0.00638609,0.00449248,0.00503089,0.00589526,0.00466849,0.00432023,0.0036668,0.00593656,0.00646809,0.00809658,0.00470189
20,0.0068348,0.0161967,0.0139851,0.0018761,0.0108163,0,0.0271311,0.00668226,0.0203314,0.0207086,0.00826838,0.0081356,0,0,0.0176557,0.0249979,0.0200209,0.0164792,0.0082376,0.104131,0.0193786,0,0.0119549,0.00521878,0.007355,0,0,0.0228486,0.00301159,0.0125245,0.0135521,0,0,0.00306714,0.00356902,0.0179402,0.00751304,0.00873874,0.00219653,0.0103949,0.00650898,0.00428431,0.00480231,0.00563807,0.00459361,0.00543232,0.00339501,0.00576121,0.00647909,0.00812631,0.00457221
21,0.00676732,0.0115511,0.0145339,0.00672286,0.00760632,0,0.0273299,0.00671593,0.0128899,0.0111562,0.00849963,0.00832472,0,0,0.0120722,0.0221783,0.0180201,0.0113455,0.0159068,0,0.0213467,0.0206177,0.0102698,0.00546073,0.00770917,0.0071809,0,0.0228144,0.00318137,0.0124634,0.0135419,0,0,0.0030068,0.00355635,0.0198874,0.00837656,0.00926061,0.00232923,0.0106624,0.00641232,0.00476469,0.00521826,0.00607305,0.00487899,0.0040826,0.00410087,0.00621814,0.00675714,0.00869921,0.00506855
22,0.00663561,0.0108925,0.0148156,0.00754321,0.00660298,0,0.027472,0.00671373,0.0115051,0.00904242,0.00871428,0.00855607,0,0,0.0144101,0.0233819,0.0181683,0.00959059,0.0157847,0,0.0231651,0,0.00938241,0.00567867,0.00801549,0.0107862,0,0.0227848,0.00337423,0.0123947,0.0134912,0,0,0.00294767,0.00354193,0.0202121,0.00867972,0.00968315,0.00249731,0.0107328,0.00659832,0.00512584,0.0054521,0.00633703,0.00504555,0.00396444,0.00476629,0.00654077,0.00688114,0.00917837,0.00549418
23,0.00651333,0.0114773,0.0148338,0.0078802,0.00824823,0,0.0275337,0.00669659,0.0113103,0.00871181,0.00884197,0.0087217,0,0,0.0142707,0.0240274,0.018832,0.00964243,0.0162018,0,0.0218162,0,0.00926132,0.0059141,0.00832929,0,0,0.0227383,0.00357328,0.0123252,0.0134209,0,0,0.00289644,0.00353508,0.0208008,0.00883608,0.00934957,0.00215059,0.0100356,0.00628834,0.0049824,0.00550307,0.00624197,0.00515173,0.00414729,0.00427608,0.00620582,0.00685984,0.00919418,0.0053941
24,0.0063568,0.0106749,0.0151748,0.00816753,0.00651753,0,0.0274906,0.00663753,0.0112471,0.0086737,0.00900594,0.00897281,0,0,0.0138672,0.0240761,0.019066,0.00966844,0.0154727,0,0.0218301,0,0.00935792,0.00604458,0.00851348,0.0123264,0,0.0225886,0.00370545,0.0120772,0.013096,0,0,0.00273596,0.0034028,0.0202596,0.00896649,0.00988612,0.00254001,0.0101093,0.00686844,0.00530331,0.00555049,0.00636769,0.00513372,0.00431859,0.00504639,0.00677969,0.00711465,0.00982425,0.0059248
25,0.00617159,0.0107494,0.0151211,0.00835819,0.00796703,0,0.0273796,0.00655916,0.0107512,0.00829441,0.00916026,0.00911524,0,0,0.0134671,0.0236997,0.0187359,0.00935866,0.0153353,0,0.0196647,0,0.00924171,0.0061039,0.00859584,0,0,0.0224701,0.00379095,0.0118623,0.0128129,0,0,0.00260204,0.00324541,0.0207379,0.00919898,0.00939694,0.00222193,0.00920351,0.00669801,0.00494803,0.00531768,0.00600705,0.00507462,0.0044118,0.00407968,0.00636146,0.00716377,0.00975683,0.00575064
26,0.0060677,0.0141093,0.0152462,0.00422729,0.00756575,0,0.0270006,0.00634262,0.0186751,0.0189937,0.00929888,0.00934446,0,0,0.0178529,0.02678,0.0216006,0.0153986,0.0102497,0.100199,0.0183876,0,0.0105052,0.00606074,0.008591,0.0125372,0,0.021941,0.00365611,0.0109665,0.0116789,0,0,0.0020454,0.00262519,0.0187014,0.00798262,0.00972052,0.00270647,0.00898354,0.00770326,0.00494262,0.00469959,0.00557732,0.00469581,0.00497597,0.00435618,0.00697793,0.00755772,0.0103478,0.00609675
27,0.00581118,0.00975187,0.0153428,0.00807709,0.00802679,0,0.0269003,0.00629737,0.0106439,0.00897805,0.00940893,0.00950279,0,0,0.0103316,0.0218867,0.0181803,0.0103877,0.0138784,0,0.0153727,0.0154474,0.00927042,0.00597988,0.00854017,0,0,0.0219376,0.00375121,0.0109437,0.0116012,0,0,0.00199893,0.0025723,0.0205634,0.00925308,0.00917787,0.00234377,0.0079988,0.00727826,0.00463635,0.0047362,0.0054213,0.00478574,0.00480811,0.00368472,0.00670299,0.0078533,0.0101398,0.00603715
28,0.00559672,0.00894828,0.0154827,0.00782126,0.00661903,0,0.0266496,0.00615736,0.0100283,0.00859165,0.00955575,0.00973336,0,0,0.00977291,0.0206735,0.0172171,0.00974961,0.0121405,0,0.0143371,0.0140522,0.00877273,0.00579636,0.00838535,0.00991082,0,0.0217163,0.00372471,0.0105203,0.011039,0,0,0.00170984,0.00222392,0.0203433,0.00936898,0.00937066,0.00264204,0.00751796,0.00782572,0.00473233,0.00451903,0.00530003,0.00463984,0.00541225,0.00453967,0.00738824,0.00822625,0.01042,0.00647858
29,0.00531766,0.00850855,0.0152769,0.00747359,0.00736834,0,0.0264386,0.00597455,0.00905213,0.00787667,0.0097815,0.0100467,0,0,0.00922629,0.0193639,0.0160528,0.00881645,0.0116459,0,0.0121922,0.0125424,0.00798626,0.00551973,0.00812297,0,0,0.0215485,0.00368291,0.0101315,0.0105259,0,0,0.00145169,0.00186203,0.0209967,0.00956302,0.00883105,0.00260283,0.00661304,0.00783417,0.00433271,0.00408062,0.00479602,0.00452098,0.0054564,0.0044588,0.00722656,0.00860234,0.0104017,0.00638419
30,0.00516099,0.00777846,0.015657,0.00685444,0.00676811,0,0.0261271,0.00577723,0.00850306,0.00781056,0.00999417,0.0103499,0,0,0.00872036,0.0183911,0.0151893,0.00838521,0.00929615,0.00689974,0.0105798,0.0108768,0.00723112,0.00523353,0.00784988,0.00767822,0,0.0212819,0.00364852,0.00955152,0.00978979,0,0,0.00109507,0.0013977,0.0211591,0.00993435,0.00888257,0.00289671,0.00606345,0.00821848,0.00439647,0.00384182,0.00462466,0.00439517,0.00639243,0.00567176,0.00793696,0.00903342,0.0107993,0.00674112
31,0.00480014,0.00781097,0.0151843,0.00657765,0.00691644,0,0.0260705,0.00559093,0.0070969,0.0067376,0.0103558,0.010807,0,0,0.00793332,0.0167901,0.0138229,0.00733748,0.00923536,0,0.00926667,0.0102788,0.00631463,0.00488558,0.00748654,0,0,0.0213013,0.00367065,0.00943378,0.00959206,0,0,0.000995228,0.00130472,0.0219568,0.010026,0.00830287,0.00301109,0.00534318,0.00816431,0.00397331,0.00347898,0.00411644,0.00430051,0.00650863,0.00588192,0.00782874,0.00944401,0.0110205,0.00658912
32,0.00457671,0.00819639,0.0153008,0.00610199,0.00646323,0,0.0259204,0.00541507,0.00606166,0.00626942,0.0107091,0.0111943,0,0,0.0072586,0.0155594,0.0127643,0.00686443,0.00753486,0,0.00825029,0.00965461,0.00548027,0.00453932,0.00710312,0.00587088,0,0.0212372,0.00372042,0.00914086,0.00922516,0,0,0.000836656,0.00102912,0.0224159,0.0104441,0.0081647,0.00335258,0.00483119,0.00831453,0.0039036,0.0032647,0.00387593,0.00415862,0.00754046,0.00690218,0.00838891,0.00984055,0.0115166,0.0067518
33,0.00429557,0.00782644,0.0152696,0.0056689,0.00681946,0,0.0258693,0.00528808,0.00478871,0.00568765,0.0111889,0.0117028,0,0,0.00662225,0.0143387,0.0116727,0.00644797,0.00724138,0,0.00821725,0.00998308,0.00457751,0.004143,0.00662878,0,0,0.0212486,0.0038332,0.00890568,0.00891991,0,0,0.000718352,0.000805261,0.0233688,0.0107548,0.0076838,0.00357873,0.00448635,0.00822796,0.00352518,0.00303486,0.00342098,0.00408965,0.00796633,0.00728974,0.00849049,0.010345,0.0118803,0.00656532
34,0.0041153,0.00824549,0.0157105,0.00532645,0.00729915,0,0.0257812,0.00524493,0.0036703,0.00557813,0.0116235,0.0121592,0,0,0.00633638,0.0134858,0.0110774,0.00687436,0.00585237,0.00698308,0.00765111,0.00988181,0.00388248,0.00379266,0.00617939,0.00366153,0,0.0212232,0.00399185,0.00859053,0.00853453,0,0,0.000568302,0.000571264,0.0240692,0.0114864,0.00752341,0.00395855,0.00418739,0.00827038,0.00341633,0.00287975,0.00317004,0.00397787,0.00913728,0.00829902,0.00907532,0.0107797,0.0122245,0.00661533
35,0.0038469,0.0083438,0.0158238,0.00499564,0.00766737,0,0.0258299,0.00529842,0.00262519,0.00533968,0.0121366,0.0126807,0,0,0.00633141,0.0124358,0.0102256,0.00685915,0.00643929,0.00762556,0.0088299,0.0110401,0.00311971,0.00342575,0.00567559,0,0,0.0213042,0.00418247,0.00844156,0.00835146,0,0,0.000504959,0.00044831,0.025028,0.0118351,0.00714262,0.00425104,0.00406046,0.00817584,0.00310743,0.00284028,0.00282656,0.00398417,0.00980634,0.00896409,0.00940085,0.011277,0.0123789,0.0064365
36,0.00360174,0.00946211,0.0160004,0.00471172,0.00781015,0,0.0259156,0.00544326,0.00216427,0.00542133,0.0126442,0.0131966,0,0,0.00656241,0.0114515,0.0095294,0.00697787,0.00724282,0.00792769,0.00969706,0.0120635,0.00254897,0.00308598,0.00518235,0.00199236,0,0.021392,0.00439831,0.00829451,0.00818553,0,0,0.000455144,0.000393266,0.0256732,0.0123938,0.00697654,0.00461748,0.00384269,0.00830295,0.00302319,0.00283056,0.00254526,0.00404322,0.0107876,0.00999747,0.00998472,0.0116346,0.0124847,0.00642154
37,0.00337855,0.00995349,0.0161835,0.00448003,0.00820192,0,0.0260389,0.00564219,0.00237805,0.00569909,0.0131233,0.0136784,0,0,0.00708345,0.0106883,0.00895749,0.00716304,0.00835599,0.00828313,0.0108527,0.0130718,0.00209547,0.00279059,0.00473308,0,0,0.0214803,0.00462118,0.00816687,0.0080698,0,0,0.000438581,0.00044567,0.0265049,0.0126944,0.00668902,0.00492696,0.00378891,0.0082844,0.00287877,0.00305983,0.00239696,0.00421524,0.0115904,0.0110239,0.0105053,0.0120524,0.0124778,0.00632669
38,0.00315202,0.0108397,0.0162685,0.00434072,0.00826395,0,0.0262414,0.00588392,0.00302952,0.00617359,0.0136477,0.0142059,0,0,0.00767095,0.0101464,0.00859565,0.0074493,0.00932566,0.00865728,0.0115993,0.0136541,0.00190712,0.00251605,0.00431775,0.00142933,0,0.0215612,0.0048703,0.00802907,0.00794982,0,0,0.000351261,0.000637879,0.0270458,0.0130694,0.00655753,0.00522191,0.00361363,0.00851811,0.00298267,0.00331146,0.00223182,0.00449736,0.0124246,0.012189,0.01113,0.0123255,0.0125257,0.00633992
39,0.00298565,0.0116358,0.0164157,0.00421912,0.00860971,0,0.0263984,0.00608725,0.00369135,0.00667182,0.0140376,0.0145775,0,0,0.00826534,0.00988699,0.00834098,0.0077858,0.009875,0.00892212,0.0121489,0.0137735,0.00185786,0.00229902,0.00399661,0,0,0.0216177,0.00508988,0.00790506,0.0079272,0,0,0.000449833,0.000791909,0.0277043,0.0132485,0.00631444,0.00553492,0.00366089,0.00853301,0.00299908,0.00371248,0.00235603,0.00473598,0.0132815,0.0133294,0.0116996,0.0126193,0.0124501,0.00633801
40,0.00278865,0.012237,0.0163579,0.00417871,0.00837521,0,0.0266405,0.00631292,0.00428132,0.00718621,0.014503,0.0150318,0,0,0.00864049,0.00985328,0.00827402,0.00817179,0.010153,0.00911034,0.0124647,0.0134057,0.00198558,0.00207311,0.00368954,0.00208291,0,0.0216777,0.00534973,0.00775854,0.00789718,0,0,0.000558885,0.00100004,0.0280835,0.0133782,0.00621808,0.00573578,0.00358822,0.00881238,0.00325041,0.00407699,0.00237746,0.0050753,0.0139898,0.0143446,0.0122852,0.0128414,0.0125426,0.00637378
41,0.00264546,0.0131756,0.0164054,0.004098,0.00848285,0,0.0268061,0.00644787,0.00459669,0.00750528,0.0147983,0.0152892,0,0,0.00870044,0.00991284,0.00821849,0.00849966,0.0098609,0.00892545,0.0122337,0.0124148,0.00211517,0.00195732,0.00355619,0,0,0.0216737,0.00550957,0.00763359,0.00792826,0,0,0.000629035,0.00118225,0.0285436,0.013398,0.00602181,0.00605128,0.00383424,0.00882777,0.00328063,0.00440939,0.00263435,0.00521577,0.0148399,0.0152065,0.0127716,0.0130267,0.0124208,0.0064347
42,0.00248155,0.013517,0.0162447,0.00406377,0.00789376,0,0.0270456,0.00663093,0.00478883,0.00774582,0.0151748,0.0156615,0,0,0.008357,0.0100288,0.00828235,0.00878872,0.00939433,0.00853685,0.0117991,0.0110595,0.0022592,0.00179264,0.00338327,0.00234842,0,0.0216941,0.00572144,0.00748181,0.00791329,0,0,0.0007144,0.00135419,0.0287404,0.0133152,0.00598157,0.00617449,0.00390801,0.00909346,0.0035097,0.00466017,0.00271441,0.00544302,0.0154746,0.0158745,0.013278,0.0132479,0.0125427,0.00648205
43,0.00237754,0.0142996,0.0162365,0.00397812,0.0076825,0,0.0271838,0.00672804,0.00473502,0.00780393,0.0153768,0.0158494,0,0,0.00757338,0.0100505,0.00829127,0.00895819,0.00860362,0.00767055,0.0107296,0.00930667,0.00229984,0.00171623,0.00336062,0,0,0.0216564,0.00582842,0.00734499,0.007906,0,0,0.000730237,0.00147113,0.0290312,0.0132041,0.0058716,0.00647236,0.00431594,0.00911452,0.00346142,0.00477594,0.00287146,0.00543931,0.016256,0.0163894,0.0136549,0.0133892,0.0123956,0.00658748
44,0.00228927,0.0144971,0.0160763,0.003962,0.00691819,0,0.0273968,0.00688943,0.00469529,0.00794683,0.0156619,0.0161754,0,0,0.00658215,0.0100666,0.00835865,0.00910693,0.0079532,0.00657133,0.00962545,0.00758002,0.00231655,0.00158108,0.00326146,0.0020724,0,0.0216557,0.00600317,0.00718259,0.00782869,0,0,0.000801029,0.00159039,0.029112,0.0130277,0.00592851,0.00655977,0.00446679,0.00934551,0.00361586,0.00476977,0.00280014,0.00551705,0.0168339,0.0168163,0.0140881,0.0136035,0.0125138,0.0066791
45,0.00224447,0.0151054,0.0160676,0.00396812,0.00653755,0,0.0275306,0.00698188,0.00467916,0.00824235,0.0158187,0.0163752,0,0,0.00581239,0.0100764,0.00837504,0.00928033,0.00737966,0.00513853,0.00833687,0.00608098,0.00229953,0.00151547,0.00327678,0,0,0.021623,0.00610762,0.00704795,0.00773822,0,0,0.000789576,0.00166662,0.0293245,0.0128701,0.00594603,0.00682797,0.00489892,0.00936585,0.00357138,0.00463116,0.0027476,0.00542382,0.0174839,0.0171528,0.0143862,0.0137148,0.0123865,0.00684685
46,0.00222611,0.0154588,0.0159376,0.0041353,0.00575975,0,0.0277526,0.00713964,0.00495256,0.00886724,0.0160716,0.0167323,0,0,0.0060398,0.0102315,0.00848478,0.0096138,0.00709701,0.00382293,0.0073687,0.00535428,0.00244151,0.00137801,0.00316795,0.00181379,0,0.0216439,0.00630153,0.0069029,0.00758629,0,0,0.000861608,0.00177023,0.0294034,0.0127001,0.0061362,0.00690358,0.00498835,0.00958172,0.00379898,0.00435836,0.00245752,0.00543417,0.0179314,0.0174772,0.0147657,0.0138528,0.0125121,0.00702689
47,0.00223009,0.016236,0.0159294,0.00442503,0.00528681,0,0.0279339,0.00723318,0.00550875,0.00984292,0.0162435,0.0170111,0,0,0.00749183,0.0105674,0.00863065,0.0101978,0.00688507,0.00280597,0.00668299,0.00578309,0.00275843,0.00131802,0.00314386,0,0,0.0216532,0.00644955,0.00679427,0.00743612,0,0,0.000922224,0.00186663,0.0296618,0.0125694,0.00626976,0.00712759,0.00530321,0.00962482,0.00392661,0.00404326,0.00229386,0.00534095,0.018357,0.0177048,0.0150255,0.0138972,0.0124248,0.00725811
48,0.00226217,0.0168385,0.0158038,0.00499714,0.00452565,0,0.0282252,0.0073663,0.00633655,0.0110404,0.0165267,0.0174405,0,0,0.00950866,0.0110583,0.0089064,0.011044,0.00667744,0.00271014,0.0065623,0.00707976,0.00333272,0.00122873,0.00304286,0.00182422,0,0.021727,0.00666203,0.0067236,0.00727159,0,0,0.000981855,0.00196553,0.0298951,0.0123882,0.0065199,0.00714014,0.00531617,0.00985215,0.00431235,0.00364835,0.00195784,0.00539166,0.0185415,0.0178768,0.0153876,0.0140156,0.0125772,0.00745049
49,0.00228486,0.0167949,0.0144118,0.0159457,0.00347392,0,0.0291414,0.00821876,0.0129735,0.0161623,0.0177235,0.0187383,0,0,0.0100446,0.0102323,0.00748168,0.0120293,0.00740349,0.00444604,0.00694756,0.0086807,0.0150507,0.00237233,0.00316785,0,0,0.0224159,0.00706999,0.00768958,0.00798066,0,0,0.000852555,0.00197251,0.0294285,0.0108992,0.0067631,0.00669339,0.00558141,0.0102792,0.0052667,0.00394374,0.00196366,0.00629674,0.0185294,0.017626,0.0156237,0.014289,0.0127725,0.00804957
50,0.00243258,0.0175435,0.0142209,0.0261146,0.00309259,0,0.0294886,0.00837069,0.0215482,0.0239244,0.0179787,0.0192103,0,0,0.0107497,0.00975036,0.00964333,0.0129505,0.00780142,0.00598447,0.00765588,0.0101724,0.0248669,0.00126474,0.00284724,0.00225704,0,0.0226631,0.0073238,0.00791833,0.00819687,0,0,0.000520639,0.00234341,0.0300054,0.0106955,0.0067021,0.00652746,0.00620795,0.010474,0.00555977,0.00396767,0.00204491,0.00651451,0.0184039,0.0173712,0.0157666,0.0145519,0.0127286,0.00818178
51,0.00250147,0.0184574,0.0141695,0.0280143,0.00290433,0,0.0299033,0.00838692,0.0233235,0.0254899,0.0182632,0.0196609,0,0,0.0111661,0.0097399,0.0105712,0.0132518,0.00810301,0.00665956,0.00794585,0.0105759,0.0267292,0.00143032,0.00282867,0,0,0.0228417,0.00747637,0.00812066,0.00838496,0,0,0.000484115,0.00244575,0.0307257,0.0106876,0.00666084,0.00656173,0.00665595,0.0106765,0.00576281,0.00374038,0.00195694,0.00657887,0.0182021,0.0170811,0.0158708,0.0146742,0.0125991,0.00826057
52,0.00245227,0.0185273,0.0138695,0.0227048,0.00296637,0,0.0305532,0.00847927,0.0182885,0.0210025,0.0188531,0.0201908,0,0,0.0115088,0.0100892,0.00920836,0.0131891,0.00723213,0.00594987,0.00782397,0.010169,0.0216637,0.0052606,0.0057423,0.0032715,0,0.0230426,0.00761619,0.00858015,0.00875043,0,0,0.00185792,0.00238915,0.0309001,0.0102939,0.00638624,0.0065329,0.00670302,0.0111178,0.00606034,0.00335817,0.00156171,0.00675022,0.0181566,0.0169571,0.0162159,0.0151745,0.0128167,0.00824552
53,0.00263564,0.019586,0.0148269,0.0100494,0.00324658,0,0.0301645,0.00778573,0.00911141,0.0133699,0.0179525,0.0196846,0,0,0.0119266,0.0107434,0.00803162,0.0118376,0.0079776,0.00559313,0.00779091,0.00926135,0.00962114,0.000951921,0.00272612,0,0,0.0229777,0.00738312,0.00823184,0.00878696,0,0,0.00120462,0.00177597,0.0313696,0.0118289,0.00668033,0.00692053,0.00604593,0.0112416,0.00619769,0.0017949,0.00167795,0.00622262,0.0186567,0.0174759,0.0168203,0.015425,0.0129782,0.00775321
54,0.00309157,0.0208008,0.0160815,0.00462598,0.00471913,0,0.0298654,0.00699635,0.00554884,0.011865,0.0172381,0.0190193,0,0,0.0116493,0.0109998,0.00845555,0.0109224,0.00774303,0.00510526,0.00659268,0.00832369,0.00331123,0.00139618,0.00337323,0.00370221,0,0.0226037,0.00696005,0.0078242,0.00859971,0,0,0.00111124,0.00199507,0.0325333,0.0133838,0.00634632,0.00699095,0.00694324,0.0107238,0.00586016,0.00183302,0.00229232,0.00572423,0.018792,0.0173756,0.0167251,0.0155861,0.0125436,0.0072732
55,0.00329207,0.0211762,0.0161414,0.00401192,0.0050183,0,0.0300545,0.00689346,0.00462838,0.0109298,0.0172429,0.0191145,0,0,0.01036,0.0104577,0.00768815,0.00981094,0.00824334,0.00547429,0.00540279,0.00722461,0.00265996,0.00130071,0.00351044,0,0,0.0227697,0.00691342,0.00806843,0.00901369,0,0,0.00115255,0.00193962,0.032827,0.013826,0.00610567,0.00702494,0.00736032,0.0106384,0.00602056,0.00208634,0.00285515,0.00568853,0.0189012,0.0172888,0.016731,0.0157142,0.0123972,0.00711308
56,0.00350059,0.0209877,0.0162001,0.00353323,0.00551712,0,0.03007,0.00669405,0.00381789,0.0103711,0.017042,0.0189386,0,0,0.00918507,0.0100396,0.0068412,0.00893648,0.00824893,0.00538186,0.00461173,0.00629763,0.00216321,0.0012901,0.00368936,0.00311519,0,0.0229174,0.00674411,0.00842056,0.00955145,0,0,0.00115439,0.00178606,0.0325605,0.0144058,0.00590331,0.00682995,0.007658,0.0105727,0.00611409,0.00236727,0.00324163,0.00561665,0.0193197,0.0174977,0.0169971,0.0162361,0.0125342,0.00684243
57,0.00364878,0.0213722,0.0161741,0.00323017,0.00551305,0,0.0301618,0.00656596,0.00304314,0.00964398,0.0170019,0.0189112,0,0,0.00804722,0.00935146,0.00599928,0.00800645,0.00822882,0.00498376,0.0032646,0.00471795,0.0018483,0.00137904,0.00393015,0,0,0.0230554,0.00662052,0.0087335,0.00999402,0,0,0.00110647,0.00160316,0.032355,0.0149665,0.00576937,0.00672045,0.00789781,0.0104338,0.00634011,0.00300234,0.00380464,0.0056168,0.019525,0.0175823,0.0170173,0.0162998,0.0124259,0.00674707
58,0.00377546,0.0213402,0.0162668,0.00301109,0.00578405,0,0.0301712,0.00635831,0.00258653,0.00961868,0.0168549,0.0187253,0,0,0.00716825,0.00862479,0.00488571,0.00729785,0.00751431,0.00410486,0.00264439,0.00312751,0.00180316,0.00148333,0.00420989,0.00268663,0,0.0231942,0.00639574,0.00918642,0.0105885,0,0,0.00100982,0.00132399,0.0319948,0.0155912,0.00567568,0.00645543,0.00811135,0.0101916,0.0063461,0.00353325,0.00411237,0.00554772,0.0196816,0.0176912,0.0170396,0.0165697,0.012397,0.00659636
59,0.00385428,0.02183,0.0163407,0.00287377,0.00528373,0,0.0302251,0.00620846,0.00242342,0.00968311,0.0168268,0.0186737,0,0,0.00632386,0.00746538,0.00353234,0.00636583,0.00669703,0.00295013,0.00225963,0.0011733,0.00201717,0.00147079,0.00434649,0,0,0.0233341,0.00622065,0.00961123,0.0111088,0,0,0.000891057,0.00105057,0.0313391,0.0162534,0.00570717,0.00606828,0.00800085,0.0101995,0.00645004,0.00392036,0.00430114,0.00548539,0.0196712,0.0177778,0.0169533,0.0164359,0.012309,0.00663279
60,0.00392167,0.0218082,0.0166729,0.00328814,0.00519832,0,0.0302123,0.0060115,0.00280825,0.010446,0.0167012,0.0185008,0,0,0.00589888,0.00644459,0.00220143,0.00575346,0.00520471,0.00156105,0.00266158,0.00237841,0.00280661,0.0013952,0.00442073,0.00310551,0,0.0234913,0.00598303,0.0101312,0.0117247,0,0,0.000819326,0.000833496,0.0309485,0.0168094,0.00573632,0.00565008,0.00795531,0.00993982,0.00607067,0.00411131,0.00415531,0.00516375,0.0192926,0.0175846,0.0166251,0.0163095,0.0120793,0.0066122
61,0.00395184,0.0221596,0.0168999,0.00386133,0.0041429,0,0.030205,0.0058792,0.00323221,0.0110165,0.016638,0.0184163,0,0,0.0054377,0.00551387,0.00273195,0.00524973,0.00384724,0.00157251,0.00374932,0.00516332,0.00369252,0.00142156,0.00448597,0,0,0.023617,0.00580126,0.0105519,0.0121474,0,0,0.000715242,0.00069664,0.0298833,0.0173737,0.00588069,0.00499516,0.00739733,0.0101427,0.00567249,0.00379626,0.0036716,0.00464036,0.0188273,0.0174429,0.016343,0.0157657,0.0119319,0.00671839
62,0.00399865,0.0219259,0.0173577,0.00499545,0.00384675,0,0.0300661,0.00570433,0.00385456,0.0119083,0.0163763,0.0181091,0,0,0.00534783,0.00558913,0.00476904,0.00565744,0.00222662,0.00332505,0.00434527,0.0075237,0.0046346,0.00159535,0.00463476,0.00360271,0,0.0237314,0.00555428,0.0110112,0.0125481,0,0,0.000637887,0.000690299,0.0292063,0.0177215,0.00595755,0.00444596,0.0071,0.00984503,0.00463931,0.00339457,0.0029581,0.00372753,0.0179488,0.0168782,0.0157038,0.0151222,0.0114185,0.00671682
63,0.0040127,0.0220417,0.0174555,0.00581949,0.00247433,0,0.0299159,0.00561158,0.00422761,0.0123385,0.0161591,0.0178777,0,0,0.00495622,0.00592981,0.00642646,0.00608748,0.00127967,0.00487463,0.00550666,0.00966297,0.00519724,0.00178337,0.00476091,0,0,0.0237675,0.00537749,0.0112735,0.0126411,0,0,0.000641269,0.00083702,0.0276307,0.0180867,0.00610025,0.00369007,0.00638707,0.00999994,0.00367593,0.00241135,0.00190593,0.00265871,0.0170253,0.0164357,0.0151798,0.0139987,0.0110121,0.00671872
64,0.00409274,0.0215499,0.0176967,0.00704044,0.00236477,0,0.0295945,0.0054573,0.00466734,0.0129669,0.0156434,0.0172975,0,0,0.00492559,0.00655688,0.00778684,0.00683753,0.000944921,0.0060112,0.00579939,0.0107709,0.00565632,0.00213836,0.00509178,0.004339,0,0.0237489,0.00509314,0.0115487,0.0127307,0,0,0.000756505,0.00109834,0.0264229,0.0182059,0.00613255,0.00310531,0.00627165,0.00938622,0.00212235,0.0019295,0.00147008,0.00135875,0.0158087,0.0156212,0.0142352,0.0128062,0.0100596,0.00650216
65,0.00415102,0.0215231,0.0173407,0.00773338,0.0014417,0,0.0292898,0.0053982,0.00469512,0.0130551,0.0152276,0.0168386,0,0,0.00453258,0.00665135,0.0081837,0.0068419,0.00125792,0.00630184,0.006727,0.0114089,0.00570285,0.00237036,0.00530936,0,0,0.0236418,0.00489958,0.0115937,0.0125296,0,0,0.000840879,0.00128431,0.0242323,0.0184234,0.00617665,0.00248982,0.00588842,0.00911984,0.00152971,0.00241581,0.00208777,0.00153018,0.0145323,0.0150279,0.0134058,0.0110992,0.00924358,0.00609834
66,0.00433059,0.0208423,0.0172705,0.00884374,0.00196044,0,0.0288338,0.00525999,0.00480362,0.0133817,0.0144916,0.0159778,0,0,0.00476465,0.00675989,0.00848015,0.00697818,0.00163132,0.00616821,0.00662156,0.0111444,0.00597994,0.00279791,0.00579376,0.00527334,0,0.023475,0.00457714,0.01168,0.0124578,0,0,0.000964078,0.0015192,0.0227239,0.0184127,0.00611988,0.00206557,0.00606751,0.00784172,0.00192193,0.00372664,0.00349628,0.00225001,0.0129847,0.0140768,0.0121076,0.00946756,0.00782857,0.00535338
67,0.0044929,0.0208776,0.0164692,0.00921797,0.00251385,0,0.0284413,0.00521096,0.00444444,0.0131714,0.0139511,0.0153067,0,0,0.00452381,0.00648365,0.00811912,0.00629107,0.00176762,0.00556125,0.00750236,0.0109548,0.00587541,0.00302858,0.00607201,0,0,0.0232454,0.00436642,0.0115401,0.0121864,0,0,0.00101698,0.0016441,0.0200078,0.0185917,0.00611888,0.00216142,0.00585646,0.00696394,0.00342712,0.00599045,0.00513654,0.00391048,0.0114083,0.0134326,0.0110701,0.00732662,0.0067694,0.00438516
68,0.00475599,0.0200818,0.0162009,0.010027,0.00274041,0,0.0280198,0.00513415,0.0043682,0.0133242,0.0132542,0.0143948,0,0,0.00504482,0.00647783,0.00810349,0.00614875,0.00209327,0.00516748,0.00716036,0.0103852,0.00621618,0.00336538,0.00649803,0.00602293,0,0.0230449,0.00410716,0.0115366,0.0121785,0,0,0.00113097,0.00184761,0.0186121,0.0183852,0.00635699,0.00248222,0.00608524,0.00508371,0.00488942,0.00767437,0.00658364,0.00473824,0.00949132,0.0123899,0.0096845,0.00572253,0.00549407,0.00360106
69,0.00503961,0.0203266,0.0152089,0.0100344,0.0037158,0,0.0276591,0.00510154,0.00385194,0.0130268,0.0127331,0.0136819,0,0,0.00468618,0.00624349,0.00769922,0.00533036,0.00244739,0.00480238,0.00819818,0.0104191,0.00602146,0.00358667,0.00681002,0,0,0.0227568,0.00393548,0.0112895,0.0119516,0,0,0.0011517,0.00191616,0.0157389,0.0185782,0.00697425,0.00338817,0.00628055,0.00410778,0.00603153,0.0100954,0.00817389,0.00611295,0.00775939,0.0116747,0.00878847,0.00369428,0.00494858,0.00384286
70,0.00537076,0.0197659,0.0150052,0.0105632,0.00343609,0,0.0273648,0.00510562,0.00381339,0.0132031,0.0122042,0.0129283,0,0,0.00507736,0.00628854,0.007758,0.00535196,0.002805,0.00486559,0.00783464,0.0102467,0.00631731,0.00381053,0.00711582,0.00627279,0,0.0225997,0.00380461,0.0112854,0.0120095,0,0,0.0012657,0.00211588,0.014847,0.0182507,0.00851939,0.00434629,0.00716179,0.00265934,0.00715415,0.0114496,0.00924759,0.00653495,0.00571145,0.0106547,0.00777925,0.00373423,0.00506717,0.00591061
71,0.00573821,0.0203626,0.0140844,0.0103794,0.00440531,0,0.0270956,0.00516202,0.00337469,0.0130391,0.0117917,0.0123442,0,0,0.00456137,0.00604545,0.00744677,0.00475499,0.00343241,0.00496378,0.00899096,0.0106992,0.00603278,0.00395848,0.00731329,0,0,0.0223826,0.00374185,0.0111044,0.0118417,0,0,0.00130906,0.0022183,0.0122718,0.0184429,0.0105308,0.00557145,0.00829474,0.00356732,0.00772914,0.0134381,0.010448,0.00758146,0.00430246,0.0098809,0.00727617,0.00370851,0.00561424,0.00851427
72,0.00610583,0.0202622,0.0141183,0.0108049,0.00380978,0,0.0269579,0.00529473,0.00349567,0.0133723,0.0114342,0.0118312,0,0,0.00493098,0.00605176,0.0076078,0.00504826,0.00380031,0.00534499,0.00868121,0.0107986,0.00628,0.00408837,0.0074597,0.00598021,0,0.0223306,0.00373059,0.0112038,0.0119586,0,0,0.00150523,0.00250018,0.0119364,0.0180984,0.0132854,0.0069354,0.00999207,0.00432416,0.00844486,0.0142739,0.011087,0.0077109,0.00270066,0.00898428,0.00682601,0.00558962,0.00678934,0.0116788
73,0.00651806,0.0212397,0.013465,0.0106337,0.00496172,0,0.0268339,0.0054719,0.00321397,0.0133756,0.0111566,0.0114637,0,0,0.0045512,0.00581739,0.00744819,0.00472524,0.00452362,0.00561845,0.00977195,0.0112919,0.00600943,0.00417935,0.00753229,0,0,0.0222148,0.00373987,0.011136,0.0118493,0,0,0.00162622,0.00268539,0.0101455,0.0182693,0.0158231,0.0082592,0.0116441,0.00605725,0.0087385,0.0158091,0.0120161,0.00849941,0.00280752,0.00822224,0.0066661,0.00651871,0.00767273,0.0144149
74,0.00688184,0.0214384,0.0138054,0.0110766,0.00436702,0,0.0268292,0.00570992,0.0034621,0.0138067,0.0109094,0.0111305,0,0,0.00505705,0.00586101,0.00777825,0.00523528,0.00492541,0.00609899,0.00948253,0.0113614,0.00629262,0.00428239,0.00758673,0.00562167,0,0.0222609,0.00377286,0.0113453,0.012054,0,0,0.00187281,0.00301839,0.0102372,0.0180274,0.0182659,0.00970358,0.0134004,0.00714803,0.00945558,0.0166144,0.0127435,0.00865308,0.00283328,0.00754162,0.00665352,0.00827949,0.0089805,0.0169123
75,0.00723066,0.0225404,0.0134636,0.0109771,0.00573562,0,0.0268377,0.00594409,0.00324414,0.0138223,0.0107662,0.0109533,0,0,0.00480387,0.00576497,0.00782919,0.00509647,0.0056103,0.00633834,0.0103967,0.0116726,0.00611837,0.00434741,0.00757134,0,0,0.0222242,0.00379568,0.0113271,0.0120295,0,0,0.00198976,0.00316652,0.00951941,0.0181234,0.0198178,0.0108228,0.0146357,0.00862015,0.00995646,0.0181862,0.0139292,0.00930667,0.0043478,0.0071176,0.00691398,0.00928545,0.0100195,0.0184591
76,0.00750691,0.022645,0.0140047,0.0114277,0.00517633,0,0.026906,0.00619875,0.0034994,0.0141642,0.0105542,0.0106844,0,0,0.00529495,0.00597356,0.00834444,0.00570988,0.00603021,0.00677293,0.0100974,0.0116342,0.00647636,0.00450089,0.00764383,0.0060092,0,0.022312,0.00382984,0.0115667,0.0123067,0,0,0.00219316,0.00342017,0.00982374,0.0180378,0.0207301,0.0119795,0.0155174,0.0095361,0.0109676,0.0195202,0.0152711,0.00970955,0.00491908,0.00685478,0.00726388,0.0108445,0.0113487,0.0193945
77,0.00764519,0.0234856,0.0137696,0.0113391,0.00633223,0,0.0269908,0.00640764,0.00324013,0.0139986,0.0105004,0.0106232,0,0,0.00500893,0.00609394,0.00853741,0.00562059,0.00659243,0.0068876,0.0108303,0.0117696,0.0064125,0.00458598,0.00760442,0,0,0.0223401,0.00385542,0.0115821,0.0123301,0,0,0.00224439,0.00346886,0.00986699,0.0180038,0.0207123,0.012643,0.0156636,0.0106833,0.0117128,0.0213302,0.0168905,0.0102942,0.00650819,0.0070943,0.00794328,0.0118333,0.0124794,0.0193943
78,0.00776107,0.023228,0.0142387,0.0117161,0.00557482,0,0.0270669,0.00661514,0.00344001,0.0140897,0.0102739,0.0103261,0,0,0.00536523,0.00649463,0.00911514,0.00619404,0.00701114,0.00721707,0.0105049,0.0116458,0.00681887,0.00482665,0.007729,0.00668713,0,0.0224286,0.00390417,0.0117802,0.0126148,0,0,0.00237583,0.00358661,0.0100742,0.0180085,0.0202049,0.0132653,0.0154725,0.011325,0.0127559,0.0229913,0.0186051,0.0108663,0.0070017,0.00719915,0.00838041,0.0131368,0.013589,0.0190147
79,0.00768029,0.0236595,0.0139297,0.0115705,0.00628402,0,0.027151,0.00676674,0.00315973,0.0136624,0.0102321,0.0102685,0,0,0.00501772,0.00675737,0.00929811,0.00607228,0.00750908,0.00722663,0.0110995,0.0116515,0.00681554,0.00497518,0.00769838,0,0,0.0224684,0.00394623,0.0117631,0.0126225,0,0,0.00238099,0.00353414,0.0102688,0.0178941,0.0192873,0.0133496,0.0147889,0.0120566,0.0133003,0.0244791,0.0200341,0.0112251,0.00842927,0.00789121,0.00912665,0.0138998,0.0143471,0.0181783
80,0.0076645,0.0231069,0.0142113,0.0118208,0.00539621,0,0.0271811,0.0069128,0.00334832,0.013474,0.00996439,0.00991435,0,0,0.00525519,0.0072039,0.00976343,0.00651443,0.00796139,0.00747313,0.0107759,0.0114381,0.00720142,0.00530402,0.00788632,0.00666631,0,0.0225015,0.00400702,0.0118681,0.0128257,0,0,0.00246236,0.00354925,0.0102271,0.017919,0.0183643,0.01337,0.0141314,0.0122772,0.013865,0.0255582,0.0211791,0.0115613,0.00868339,0.00805618,0.00934193,0.0147035,0.0146855,0.0174015
81,0.00746175,0.0232112,0.0138557,0.0115948,0.00585522,0,0.0272126,0.00701888,0.00313643,0.0128367,0.00987089,0.00979667,0,0,0.00494378,0.00738587,0.00977021,0.00631709,0.0084536,0.00745716,0.0113132,0.0113381,0.0071999,0.00552266,0.00791928,0,0,0.0224882,0.00404401,0.0117908,0.0127898,0,0,0.00243448,0.00341261,0.010195,0.0177681,0.0175024,0.0129297,0.0132553,0.0124864,0.0137772,0.0259159,0.0215628,0.0113957,0.00971831,0.00875808,0.00984239,0.0149495,0.014494,0.0165518
82,0.00738059,0.0224962,0.0140141,0.0117094,0.00519673,0,0.0271524,0.00711623,0.00336738,0.0124381,0.00956452,0.00937974,0,0,0.00517479,0.00763977,0.0099628,0.00657547,0.00890546,0.0076677,0.0110801,0.0110482,0.00750736,0.00589246,0.00818985,0.00591874,0,0.0224476,0.00408794,0.0118405,0.0128897,0,0,0.00249511,0.00339994,0.00986145,0.017742,0.0168172,0.0124722,0.012622,0.0122135,0.0135908,0.0257283,0.0214898,0.0111674,0.00959167,0.00878412,0.00971345,0.0150079,0.0137359,0.0159042
83,0.00714882,0.022383,0.013775,0.0114532,0.00565727,0,0.0271036,0.00717949,0.00328428,0.0116919,0.00938625,0.00917966,0,0,0.00503668,0.00759219,0.00973814,0.00632227,0.00937946,0.00770635,0.0115291,0.0108568,0.00750298,0.00612802,0.00836432,0,0,0.0223639,0.00410156,0.011771,0.0127912,0,0,0.00248478,0.00331156,0.00965095,0.0175149,0.016172,0.011705,0.0118575,0.0118793,0.0128403,0.0246643,0.0205965,0.0103764,0.0100533,0.00922737,0.00986475,0.0146554,0.0127345,0.0151943
84,0.00708163,0.0216688,0.0138964,0.0114548,0.00546966,0,0.0269793,0.00722652,0.00352236,0.0111408,0.00905929,0.00872802,0,0,0.00533531,0.00757738,0.00961581,0.00639997,0.00983547,0.00796523,0.0114316,0.0105512,0.0077199,0.00644923,0.00874199,0.00499495,0,0.02225,0.0041392,0.0118049,0.0128288,0,0,0.002543,0.00331294,0.00900294,0.0174436,0.0155925,0.0109619,0.0112975,0.011169,0.0120738,0.0233535,0.0194978,0.00968477,0.00954313,0.00905431,0.00939937,0.0139258,0.0115053,0.0145822
85,0.00689482,0.0215889,0.0138671,0.0112237,0.00596614,0,0.0268969,0.00724554,0.00352993,0.0103314,0.00883961,0.00848778,0,0,0.0053928,0.0073972,0.0092329,0.00613628,0.0103471,0.0081826,0.0117171,0.010282,0.00775875,0.00659901,0.00900263,0,0,0.0221254,0.00417029,0.0117695,0.0127486,0,0,0.00255387,0.00326494,0.00883436,0.0171421,0.0148629,0.0100522,0.0105669,0.010381,0.0110038,0.0213373,0.0178092,0.0085747,0.00947665,0.00917276,0.00923151,0.0131174,0.0106775,0.0137932
86,0.0069175,0.0212043,0.0139512,0.0111272,0.00616594,0,0.0267708,0.00725134,0.0036837,0.0096477,0.00850743,0.00810527,0,0,0.00567653,0.00725791,0.00888463,0.00605975,0.0109393,0.00862172,0.0117988,0.00999249,0.00790369,0.00677448,0.00938999,0.00454313,0,0.0219819,0.00424425,0.0118289,0.0127914,0,0,0.00262921,0.00333152,0.00791414,0.017137,0.0141047,0.00915331,0.00996241,0.00935581,0.010053,0.0196541,0.016346,0.00790602,0.00877611,0.00885024,0.00852255,0.0117847,0.00983363,0.0129948
87,0.00681075,0.0213759,0.0141222,0.0109467,0.00656379,0,0.0267017,0.00726271,0.00373246,0.00882878,0.00827016,0.00791513,0,0,0.00579577,0.00715944,0.0084962,0.00582383,0.0115876,0.0090959,0.0119406,0.0096178,0.00801039,0.00674869,0.00956044,0,0,0.0218835,0.00432104,0.0118585,0.0127991,0,0,0.00267844,0.00333418,0.00809269,0.0168282,0.0131247,0.00817945,0.00920197,0.00826916,0.00904637,0.0174549,0.0145139,0.0069595,0.00840353,0.00876248,0.00820429,0.0108254,0.00954348,0.0119854
88,0.00693843,0.021375,0.0141459,0.0107857,0.0068912,0,0.0265739,0.00728668,0.00379678,0.0081404,0.00793988,0.00761424,0,0,0.00595978,0.00703248,0.00807925,0.00565658,0.012382,0.00973243,0.0122283,0.00935438,0.00808502,0.00673186,0.00977615,0.00480429,0,0.0217802,0.00442324,0.0119665,0.0129186,0,0,0.00279151,0.00343871,0.00711206,0.0169598,0.0121881,0.00717093,0.00860673,0.00703983,0.00825825,0.0161322,0.0132834,0.00674593,0.00773513,0.00843706,0.00754831,0.00934257,0.00898147,0.0109814
89,0.00687956,0.0217128,0.0145002,0.0106838,0.00712055,0,0.0265208,0.00735784,0.00391626,0.00749265,0.00764871,0.00749151,0,0,0.00607931,0.00711234,0.00781361,0.00549784,0.0131256,0.0103773,0.0122643,0.00890399,0.00823448,0.0065045,0.00972382,0,0,0.0217728,0.00452192,0.0121052,0.0130484,0,0,0.0029313,0.0035506,0.00801861,0.0166528,0.0111296,0.00615245,0.00797608,0.00581762,0.00755128,0.0142908,0.0117645,0.00617309,0.00726706,0.00830136,0.00744273,0.00870261,0.00888474,0.00985424
90,0.00707542,0.0219988,0.0144595,0.0104855,0.00749553,0,0.0263988,0.00744623,0.00393065,0.00699118,0.0072688,0.00726155,0,0,0.00616338,0.00700266,0.00740341,0.00529681,0.0140322,0.011102,0.0127658,0.00876348,0.00820757,0.0063066,0.00971928,0.00552458,0,0.0217518,0.00463126,0.0122967,0.0132861,0,0,0.0031272,0.00370992,0.00709358,0.0169198,0.0102911,0.00509758,0.00761337,0.0044709,0.0071272,0.0136911,0.0111012,0.00646362,0.00679396,0.00806115,0.0072804,0.00786866,0.00844609,0.00884375
91,0.00702426,0.0224444,0.0150012,0.0104749,0.00768764,0,0.0263598,0.00757989,0.00416012,0.00665028,0.00692688,0.00714673,0,0,0.00636897,0.00725322,0.00729153,0.00527818,0.0147638,0.0117975,0.0126933,0.00834356,0.00837169,0.00592982,0.00946849,0,0,0.0218544,0.00474542,0.0125472,0.0135542,0,0,0.00335655,0.00389574,0.00891469,0.0165959,0.00946218,0.00416906,0.00730334,0.00331245,0.00676295,0.0123549,0.0100706,0.00615748,0.00637571,0.00791329,0.00760524,0.00795518,0.0085553,0.00783724
92,0.00724518,0.0229213,0.0148735,0.0102524,0.00810469,0,0.026257,0.00769988,0.00414718,0.00635477,0.00654457,0.00690662,0,0,0.00650462,0.007125,0.00689933,0.00514456,0.0156995,0.0125301,0.0133501,0.00842462,0.00825047,0.00563516,0.00932916,0.00647475,0,0.0219243,0.00488133,0.0128239,0.0139072,0,0,0.00359987,0.00410534,0.00792453,0.0169535,0.00897673,0.00337265,0.00730976,0.00191284,0.00672463,0.0124471,0.0100152,0.00681244,0.0061948,0.00776579,0.00797619,0.00835686,0.00850814,0.00706119
93,0.00717774,0.0233536,0.0155605,0.0103296,0.00830965,0,0.0262559,0.00784198,0.00448613,0.00622436,0.00623411,0.00674543,0,0,0.00687236,0.00752638,0.00694844,0.00534257,0.0163665,0.013212,0.0130919,0.00808614,0.00846295,0.00519588,0.00898054,0,0,0.0221023,0.00503167,0.0131449,0.0142463,0,0,0.0038247,0.00436456,0.0105318,0.0165516,0.00855323,0.00302913,0.00738513,0.00140547,0.00656996,0.0114518,0.00939237,0.00660154,0.00588477,0.00761011,0.00852463,0.00882106,0.00896162,0.00637554
94,0.00740044,0.0239071,0.0152909,0.0100435,0.00867923,0,0.0261988,0.00796179,0.00438228,0.0059203,0.00597656,0.00638503,0,0,0.00713439,0.00734144,0.00654309,0.00524671,0.01729,0.013904,0.0138375,0.00837134,0.00828235,0.00489897,0.00880591,0.00740477,0,0.0222344,0.00521549,0.0134604,0.0146762,0,0,0.0040301,0.00459823,0.00916919,0.0169749,0.00847065,0.00309009,0.00776226,0.000834811,0.00679553,0.0119657,0.00976809,0.00747252,0.00597125,0.00757186,0.00910967,0.0100046,0.00936365,0.0059706
95,0.00732049,0.0242392,0.0160481,0.0101502,0.0088468,0,0.0262313,0.00809376,0.00474722,0.00578399,0.00583481,0.00602989,0,0,0.00763926,0.00783732,0.00669904,0.00555899,0.0178748,0.0145208,0.0134202,0.00810063,0.00855853,0.00449333,0.00845278,0,0,0.0224258,0.00539363,0.0137504,0.0150435,0,0,0.00418855,0.00481008,0.0120711,0.0165549,0.00845339,0.00361337,0.008175,0.00202912,0.00668012,0.0110751,0.00939045,0.00720754,0.00572464,0.00743742,0.00961073,0.0101727,0.00990187,0.00568161
96,0.00755731,0.0247428,0.0156932,0.00984728,0.00909922,0,0.0262103,0.00820717,0.00457513,0.00536163,0.00578642,0.00548836,0,0,0.00797915,0.00761792,0.00632217,0.00553399,0.0187725,0.0151581,0.0141461,0.00851272,0.00839557,0.0042027,0.00826552,0.0082102,0,0.0225586,0.00560327,0.014042,0.0154677,0,0,0.00433682,0.00503858,0.0101534,0.0171284,0.00859798,0.00413003,0.0087207,0.00256384,0.00703784,0.0116501,0.00993173,0.00809762,0.0059188,0.00748737,0.0100123,0.0113161,0.0102893,0.00560351
97,0.00747276,0.0250129,0.0164348,0.00992672,0.00916195,0,0.0262397,0.00833007,0.00491326,0.00516583,0.00580763,0.00496489,0,0,0.0085256,0.00814385,0.00647766,0.00579131,0.0192596,0.0156844,0.0136983,0.0082777,0.00869892,0.00379101,0.00790623,0,0,0.0227385,0.00579508,0.0142992,0.015795,0,0,0.00444588,0.00522355,0.01271,0.0168291,0.00876818,0.00476178,0.00919032,0.00332843,0.0068428,0.010672,0.00961249,0.00767533,0.00570296,0.0073598,0.0101207,0.0107695,0.0104006,0.00557662
98,0.00768385,0.0254303,0.0160523,0.00965046,0.00920522,0,0.0262183,0.00844404,0.00476569,0.00474124,0.00589289,0.00433437,0,0,0.00885418,0.00796984,0.00611738,0.00579914,0.0200406,0.0162713,0.0142955,0.00870212,0.00858271,0.00343898,0.00769667,0.00737242,0,0.0228895,0.00602752,0.0145825,0.0161808,0,0,0.00457174,0.00543129,0.01043,0.0175021,0.00875158,0.00495338,0.00945464,0.00372151,0.00714269,0.0109085,0.00991273,0.00833272,0.00595246,0.00734567,0.00987673,0.0112894,0.0102054,0.0055468
99,0.00759753,0.0257367,0.0167292,0.00971251,0.00928686,0,0.0261975,0.00855416,0.00510716,0.00460114,0.00592781,0.00382697,0,0,0.00921957,0.00847271,0.00624065,0.00600977,0.0205301,0.0167679,0.013929,0.00851302,0.00887132,0.00302207,0.00736546,0,0,0.023034,0.00621834,0.0147566,0.0163878,0,0,0.00464007,0.00552682,0.0121662,0.0174159,0.00860677,0.00510309,0.00947683,0.00409042,0.00677339,0.00975534,0.00930351,0.00776237,0.00561646,0.00689386,0.00911022,0.00990742,0.00943051,0.0053844
100,0.00762285,0.0256766,0.0163142,0.0097085,0.00827847,0,0.0262103,0.00870131,0.00535632,0.00478063,0.00592719,0.00335366,0,0,0.00951857,0.00866715,0.00605804,0.00642621,0.0208295,0.0172912,0.0139414,0.00889175,0.00894678,0.00269546,0.00715359,0.00899125,0,0.0233548,0.0065068,0.015146,0.0168579,0,0,0.00485982,0.005778,0.0112214,0.0176282,0.00838508,0.00495729,0.00931268,0.00416703,0.00668512,0.0092235,0.00890538,0.00767674,0.00620307,0.00679277,0.00822525,0.00970529,0.00861292,0.00523259
101,0.00757578,0.025992,0.0164698,0.00967638,0.008163,0,0.0261701,0.00882776,0.00558778,0.00480031,0.00583461,0.00304266,0,0,0.00967404,0.00895419,0.00600568,0.00657337,0.0213255,0.0178093,0.0139354,0.00902034,0.00906474,0.00241889,0.00693356,0.0101296,0,0.0235413,0.00672976,0.0153061,0.0170569,0,0,0.0049715,0.00584781,0.0114375,0.0178641,0.00763198,0.00452859,0.00875876,0.00452515,0.00636557,0.00823324,0.00788322,0.00719536,0.00602051,0.0060221,0.00668946,0.00850541,0.00724366,0.00465746
102,0.00750841,0.026344,0.0166488,0.00964782,0.00817594,0,0.0261209,0.0089531,0.00581494,0.00485047,0.0056519,0.00287021,0,0,0.00975778,0.0092402,0.00599664,0.006672,0.0218367,0.0183185,0.0139732,0.00917786,0.00917717,0.00220708,0.00674879,0.00973069,0,0.0237035,0.00693882,0.0154066,0.0171701,0,0,0.00506857,0.00590121,0.0116938,0.0181072,0.00664449,0.00408722,0.0081237,0.00522662,0.00609767,0.00728108,0.00666367,0.00659704,0.00582658,0.00516624,0.00499566,0.00727554,0.00582487,0.0038609
103,0.00743307,0.0266616,0.0168241,0.00965995,0.00814069,0,0.0260822,0.00907779,0.00607297,0.0049996,0.00538428,0.00282846,0,0,0.00984244,0.00956399,0.00607446,0.00678898,0.0222862,0.0187991,0.0140287,0.00938429,0.0093154,0.00200727,0.0066019,0.00931013,0,0.0238554,0.00713825,0.0154872,0.0172362,0,0,0.00517231,0.00599052,0.0121105,0.0183076,0.00569786,0.00396936,0.00769049,0.0064096,0.00589974,0.00662095,0.00556779,0.00594013,0.00581477,0.00466541,0.00353239,0.00622818,0.00470231,0.00305339
104,0.00737654,0.0269411,0.0169776,0.0097147,0.00804074,0,0.0260532,0.0091945,0.00634451,0.00523537,0.00505769,0.00286494,0,0,0.00996691,0.00991428,0.00625771,0.00693839,0.0226576,0.019241,0.0141352,0.00964774,0.00948361,0.00188519,0.00647679,0.0091419,0,0.0239899,0.00731732,0.0155483,0.0172939,0,0,0.00529105,0.00607635,0.0125982,0.0184979,0.00499674,0.00436345,0.007681,0.00805538,0.00575314,0.00645881,0.00489276,0.00539711,0.00603463,0.00489577,0.00263991,0.00551956,0.00420706,0.00244012
105,0.00735317,0.0271909,0.0171012,0.00981406,0.00789846,0,0.0260362,0.00929213,0.00660863,0.0055279,0.0047011,0.00293256,0,0,0.0101186,0.0102723,0.00656418,0.00714639,0.0229435,0.0196303,0.0142953,0.00996381,0.00968369,0.00178427,0.00634843,0.00905001,0,0.0240995,0.00745947,0.0155952,0.0173597,0,0,0.00540559,0.00613062,0.0130933,0.0187054,0.00463632,0.00521425,0.00815858,0.00993993,0.00565446,0.00669086,0.00469867,0.00513198,0.00646659,0.00586075,0.00239528,0.00523492,0.00446396,0.00206988
106,0.00734201,0.0274532,0.0171965,0.00991622,0.00774941,0,0.0260358,0.00936266,0.00681785,0.00579044,0.00434343,0.00298711,0,0,0.0102751,0.010583,0.00695416,0.00736698,0.0231391,0.019949,0.0145147,0.0103127,0.00988107,0.00165331,0.00619881,0.00893815,0,0.0241977,0.00755206,0.0156492,0.0174459,0,0,0.00550576,0.00616417,0.0136182,0.0189272,0.00453927,0.00622491,0.00887241,0.0117122,0.0056386,0.00700983,0.00482089,0.00515126,0.00708485,0.00722872,0.00240032,0.00538296,0.0051598,0.0018077
107,0.00730714,0.0277349,0.0173017,0.0100041,0.00760474,0,0.0260593,0.00939965,0.00695655,0.00597294,0.00400999,0.00300845,0,0,0.0103712,0.010819,0.00740996,0.00759459,0.0232504,0.0201866,0.0147546,0.0106667,0.0100573,0.00148021,0.00601819,0.00876703,0,0.0243003,0.00758868,0.0157253,0.0175495,0,0,0.00558504,0.00619805,0.0142617,0.019126,0.00503863,0.00708917,0.0094153,0.0130425,0.00561013,0.00711983,0.00490949,0.00526259,0.00783931,0.00861003,0.00220613,0.00580843,0.00582701,0.00122912
108,0.0071443,0.0283754,0.0172799,0.00961731,0.00772551,0,0.0261251,0.00945005,0.00666289,0.00548682,0.00372246,0.00317821,0,0,0.0106742,0.0105659,0.00734353,0.00692206,0.0234148,0.020435,0.015429,0.0109415,0.00989714,0.00209924,0.0061501,0.00876704,0,0.0245596,0.0076419,0.0160544,0.0177038,0,0,0.00581273,0.00678707,0.0146585,0.0192691,0.00772131,0.00855216,0.0100399,0.0135549,0.00546031,0.00697881,0.00446917,0.00534074,0.00872854,0.010007,0.00172547,0.00663737,0.00632831,0.00316147
109,0.00711997,0.0282306,0.0177767,0.0101008,0.00728084,0,0.026206,0.00936252,0.00704883,0.00603309,0.00351449,0.00312898,0,0,0.0102003,0.0110604,0.00847033,0.00804524,0.0233282,0.020469,0.0151933,0.0112451,0.0103047,0.00120091,0.00557937,0.0082669,0,0.0245559,0.00751893,0.0159449,0.0177806,0,0,0.00567802,0.00628734,0.0160708,0.0192896,0.00466579,0.00704704,0.00842743,0.0137435,0.00588654,0.00682701,0.00577191,0.00512409,0.00917865,0.0101438,0.00102687,0.00649142,0.00621744,0.00115536
110,0.00702824,0.0283096,0.0181941,0.0101275,0.00704293,0,0.026342,0.00928946,0.00704985,0.00595543,0.00337535,0.00345258,0,0,0.00991094,0.0111156,0.00908211,0.00831474,0.0233692,0.0205747,0.0153561,0.0114106,0.0103943,0.00103596,0.00535966,0.0080054,0,0.0246933,0.00743686,0.0160812,0.0178528,0,0,0.00568448,0.00641541,0.0171622,0.0192187,0.00473011,0.0065065,0.00732697,0.0130099,0.00578844,0.00639706,0.00590901,0.00479797,0.00949006,0.0100933,0.00127996,0.0064042,0.00597587,0.00113133
111,0.00699819,0.0281952,0.0187061,0.0101386,0.00673063,0,0.0265056,0.00918864,0.00704128,0.00582894,0.00332927,0.00391976,0,0,0.00954096,0.0111602,0.00972891,0.00861969,0.0234557,0.0207015,0.0154809,0.0114706,0.0104792,0.000993111,0.00515072,0.00778402,0,0.0248014,0.00732646,0.0161659,0.017902,0,0,0.00568559,0.00647123,0.0182334,0.0190577,0.00475416,0.00584982,0.00624687,0.0117118,0.00548002,0.00585104,0.00575386,0.00440855,0.00938307,0.00948918,0.00204502,0.00590935,0.005515,0.00119278
112,0.00705583,0.0278586,0.0192476,0.0101215,0.00632959,0,0.0266814,0.00906936,0.00703374,0.00566009,0.00336198,0.00450896,0,0,0.00914854,0.0112059,0.0103703,0.00895946,0.0235864,0.0208581,0.0155736,0.0114323,0.0105715,0.000988413,0.0049589,0.00756591,0,0.0248628,0.00718541,0.0161927,0.0179009,0,0,0.00568119,0.00649485,0.0191867,0.0188145,0.004635,0.00514392,0.00544921,0.010122,0.0049198,0.00516203,0.00522603,0.00396294,0.00877767,0.00837911,0.00250804,0.00498223,0.00478372,0.00127074
113,0.007191,0.0272888,0.0196958,0.0117558,0.00577562,0,0.0268752,0.00896745,0.00508293,0.00933088,0.00348005,0.00519463,0,0,0.00885391,0.0108149,0.00800427,0.0101841,0.0239237,0.0209406,0.0164848,0.0120177,0.0125608,0.000971761,0.0047669,0.0072085,0,0.0249045,0.00704613,0.0161935,0.0179025,0,0,0.00570716,0.00650376,0.0199648,0.0184689,0.00430431,0.00435772,0.00513565,0.00853871,0.00409787,0.00427646,0.00426836,0.0033482,0.00762274,0.00682692,0.00237328,0.00370824,0.00376164,0.00143962
114,0.00686384,0.0265343,0.0193737,0.0129546,0.00566413,0,0.0272217,0.00910091,0.00637044,0.0130318,0.00405416,0.00642743,0,0,0.00935735,0.0103011,0.00522904,0.00937053,0.0251717,0.0216889,0.0187546,0.0129639,0.0154058,0.00114885,0.00424924,0.007108,0,0.0254828,0.00730331,0.0168061,0.0182894,0,0,0.00600254,0.0069019,0.0193569,0.017602,0.00391386,0.00361327,0.00574775,0.00678732,0.00364645,0.00355469,0.00257356,0.00298301,0.00624534,0.00576471,0.00139123,0.00287146,0.00285238,0.00197157
115,0.00715734,0.0256749,0.0196771,0.0139776,0.00490298,0,0.027355,0.00896198,0.00744783,0.0144961,0.00435563,0.00712698,0,0,0.00957091,0.0101436,0.00460804,0.00989901,0.0252835,0.0217374,0.0189432,0.0132114,0.0171914,0.0011724,0.00402708,0.00642697,0,0.0253808,0.00706611,0.0166414,0.0181489,0,0,0.00597183,0.00680351,0.0200737,0.0173144,0.00365337,0.00290015,0.00678727,0.00589664,0.0031046,0.00292627,0.000726648,0.00227629,0.00442902,0.00396907,0.00151281,0.00182706,0.00288499,0.00256589
116,0.00757934,0.0243405,0.0198857,0.0118803,0.00378771,0,0.027431,0.00885524,0.00564816,0.0116354,0.00464615,0.00770354,0,0,0.00933012,0.00966239,0.0060037,0.00983777,0.0248682,0.0216582,0.0179158,0.0126693,0.0156501,0.0012424,0.00388301,0.00548761,0,0.0251535,0.00680004,0.0163313,0.0179163,0,0,0.00584737,0.00652742,0.0208259,0.0170058,0.00371161,0.00244523,0.00815684,0.00531915,0.00338176,0.00349364,0.00137324,0.00255125,0.00273266,0.00264985,0.00319639,0.0025004,0.00438895,0.00344316
117,0.00811678,0.0234632,0.0200981,0.0097137,0.00296513,0,0.0273362,0.00866627,0.00558041,0.0080067,0.00479114,0.00794791,0,0,0.00881549,0.00924847,0.00780869,0.00968451,0.0241897,0.0213859,0.0165959,0.0118841,0.0136825,0.00114281,0.00382859,0.00468182,0,0.0248262,0.00638528,0.0159025,0.0175617,0,0,0.00562568,0.00626462,0.0215806,0.0170188,0.00433899,0.00267942,0.00965233,0.00497798,0.00444854,0.0050256,0.00345755,0.00392419,0.00192221,0.00256648,0.00507935,0.0038588,0.00617827,0.0043322
118,0.0087197,0.0224655,0.0203101,0.00898977,0.00257225,0,0.0271311,0.00842495,0.00786485,0.0040204,0.00490474,0.00798887,0,0,0.00843623,0.00913622,0.00992109,0.00995434,0.0233558,0.0211257,0.015003,0.0111631,0.0116072,0.0010354,0.0037818,0.00421351,0,0.0243977,0.00592185,0.0153312,0.0171087,0,0,0.0053534,0.0059127,0.0222675,0.0170501,0.00539152,0.0031852,0.010907,0.00472427,0.005581,0.00663642,0.00525545,0.00547297,0.00271342,0.00335703,0.00669276,0.00510965,0.00768132,0.00511189
119,0.00900896,0.0213128,0.0200444,0.00890663,0.00241641,0,0.0270201,0.00838125,0.00821953,0.00371203,0.00515915,0.00811226,0,0,0.00847821,0.00791992,0.00894594,0.00945912,0.0228443,0.0206769,0.0145733,0.0112455,0.0119212,0.00108703,0.00363931,0.00379342,0,0.0242537,0.00575852,0.0150947,0.0168319,0,0,0.00517026,0.00572771,0.02205,0.0166907,0.00675707,0.00372874,0.011838,0.00460032,0.00655255,0.00781533,0.00663806,0.0067488,0.00391587,0.0041891,0.00786077,0.00579866,0.00868414,0.00561909
120,0.00927376,0.0200337,0.0197917,0.00896845,0.00249695,0,0.0268726,0.00835714,0.00858809,0.00347064,0.00533734,0.00805378,0,0,0.0084578,0.00656345,0.00803963,0.0088618,0.0221141,0.0199498,0.0140884,0.0112413,0.0122222,0.00117694,0.0035575,0.00361794,0,0.0240504,0.00563788,0.0147953,0.0164761,0,0,0.00492408,0.00549438,0.0215765,0.0161915,0.00801808,0.00398492,0.0123197,0.00455281,0.00712375,0.0084739,0.00747274,0.0075674,0.00494683,0.00468729,0.00844799,0.00619655,0.0091241,0.00603636
121,0.00949065,0.0186172,0.0195761,0.0090962,0.00264268,0,0.0267035,0.00836019,0.00891186,0.00334151,0.00544027,0.00784738,0,0,0.00835718,0.00519779,0.0072942,0.00824753,0.0211479,0.0188862,0.0136207,0.0110814,0.0124126,0.00133655,0.00355291,0.00358909,0,0.0238033,0.00557576,0.0144638,0.0160553,0,0,0.00461939,0.00524251,0.0208605,0.0155418,0.00907024,0.00398324,0.0124322,0.00452788,0.00734588,0.00867817,0.00784596,0.00794236,0.00568824,0.00489861,0.00855837,0.00632047,0.00911143,0.00639653
122,0.00965581,0.0170214,0.0194101,0.00919919,0.0028165,0,0.0265191,0.00838564,0.00917286,0.00341156,0.00547939,0.00753452,0,0,0.00821143,0.00397251,0.00670078,0.00774094,0.0199497,0.0174743,0.013221,0.0107507,0.0123965,0.00161648,0.00362972,0.00363145,0,0.023521,0.00556626,0.0141026,0.0155931,0,0,0.00426508,0.00491939,0.0200013,0.0147664,0.00986132,0.00380437,0.0123047,0.00448486,0.00730555,0.0085837,0.00790839,0.00796077,0.0061421,0.00495187,0.00837993,0.00622685,0.00882387,0.00670074
123,0.00976986,0.015277,0.0192524,0.00916838,0.00308584,0,0.0263465,0.00842539,0.0093722,0.00380249,0.00549885,0.00719733,0,0,0.008095,0.00314161,0.00614293,0.00740881,0.0185525,0.015729,0.0129484,0.0103145,0.0120843,0.00183633,0.00376104,0.00368584,0,0.0232177,0.00559968,0.0137469,0.0150869,0,0,0.0039036,0.0046429,0.0190996,0.0139212,0.0104,0.00353802,0.0120714,0.00444043,0.0071046,0.00834239,0.00781531,0.00774663,0.0063487,0.00495367,0.00809497,0.00597853,0.00842948,0.00692148
124,0.00984548,0.0134795,0.0190545,0.0089113,0.00353454,0,0.0261884,0.00846417,0.00952477,0.00460783,0.00551853,0.00688818,0,0,0.00810839,0.00315659,0.00552829,0.00727887,0.0170256,0.0137032,0.0128618,0.00991629,0.0114221,0.00203654,0.00393803,0.00373827,0,0.0229126,0.00564615,0.0134001,0.0145622,0,0,0.0035712,0.00438029,0.0182685,0.0130815,0.0107281,0.00324994,0.0118293,0.00444434,0.00683432,0.00806135,0.00768055,0.00741942,0.00636706,0.0049761,0.00782069,0.00565926,0.00803697,0.00704391
125,0.00990337,0.0118001,0.0187654,0.00835342,0.00414818,0,0.0260528,0.00848521,0.00963811,0.0057926,0.00556235,0.00665499,0,0,0.00832378,0.0041526,0.00491947,0.00733894,0.0154589,0.0114751,0.012999,0.00973575,0.0104069,0.00219988,0.00413332,0.00379879,0,0.0226205,0.00567533,0.0130668,0.0140366,0,0,0.00328995,0.00412778,0.0175972,0.0123111,0.0109016,0.00298473,0.0116271,0.00454712,0.0065699,0.00779221,0.00756616,0.00706652,0.00625121,0.0050637,0.00760221,0.0053677,0.00770248,0.0070747
126,0.00997518,0.0104417,0.0183603,0.00743676,0.0048316,0,0.0259581,0.00847549,0.00970652,0.00719134,0.00565237,0.00653448,0,0,0.0087447,0.00573939,0.00459998,0.00755442,0.0139464,0.00915118,0.0133531,0.00991646,0.00910622,0.00232474,0.00431725,0.00389416,0,0.0223399,0.00566244,0.0127272,0.0135374,0,0,0.00305807,0.00381079,0.0171477,0.0116544,0.010972,0.00277006,0.0114708,0.00476558,0.00635851,0.00754462,0.00748976,0.00673385,0.00603445,0.00521123,0.00743958,0.00520126,0.00746162,0.00703516
127,0.0100797,0.00955936,0.0178416,0.00612277,0.0054786,0,0.0258945,0.0084298,0.00972245,0.00858036,0.00579962,0.00652743,0,0,0.00930278,0.00758634,0.00491186,0.00787852,0.0125665,0.00687816,0.0138722,0.0104954,0.0076981,0.00243609,0.00446592,0.00405241,0,0.0220968,0.00560133,0.012418,0.0130555,0,0,0.00286341,0.00355547,0.0169431,0.0111298,0.0109805,0.00262065,0.0113411,0.00507696,0.00621575,0.00730633,0.00744088,0.00643894,0.00573481,0.00535695,0.00732161,0.00521981,0.0073494,0.00695211
128,0.0102455,0.00919474,0.0172593,0.00442994,0.00598844,0,0.0258768,0.00834945,0.00969483,0.00975258,0.00600682,0.00664527,0,0,0.00987733,0.00949231,0.00588484,0.00824808,0.0113804,0.00488207,0.014497,0.0114008,0.00655456,0.00254118,0.00457137,0.00428189,0,0.0218796,0.0054962,0.0121295,0.0125907,0,0,0.0026952,0.00338027,0.0169869,0.010769,0.0109676,0.00255477,0.0112162,0.00544235,0.00614327,0.00706236,0.00740406,0.00619466,0.00536248,0.00542728,0.00724393,0.00542117,0.00739479,0.00684925
129,0.0104754,0.00920493,0.0166738,0.00256163,0.00641456,0,0.0259081,0.008265,0.00966749,0.0105774,0.00628303,0.00686571,0,0,0.010412,0.0113792,0.00729213,0.00864614,0.0104196,0.00359922,0.0151242,0.0125077,0.00620677,0.00265371,0.00461573,0.00462981,0,0.0217,0.00537592,0.0118449,0.0121734,0,0,0.00255149,0.00316337,0.0172527,0.010535,0.0109418,0.0025309,0.0110805,0.00579141,0.00609421,0.00680919,0.00734578,0.00599131,0.00497267,0.00540247,0.00722776,0.00576094,0.00758703,0.00676588
130,0.010754,0.0094323,0.0161435,0.0016775,0.00678399,0,0.0260005,0.00819978,0.00967958,0.011015,0.00661634,0.00720046,0,0,0.0108486,0.0132102,0.00893515,0.00903715,0.00971663,0.00351593,0.01569,0.0136976,0.00688725,0.0027569,0.00462017,0.00501522,0,0.0215555,0.00527283,0.0115789,0.01179,0,0,0.00242458,0.00296354,0.0176954,0.0104142,0.0109218,0.00253345,0.0109346,0.00608346,0.00604756,0.00655744,0.00726095,0.00582834,0.00462129,0.00529517,0.00727992,0.00616172,0.0078819,0.006722
131,0.0110544,0.00971014,0.0157438,0.00316185,0.00706376,0,0.0261281,0.0081575,0.00976364,0.011132,0.00697784,0.00758277,0,0,0.0111473,0.0149764,0.0107063,0.00940478,0.00931872,0.00436027,0.016184,0.0148806,0.00819109,0.00286913,0.00462582,0.00525562,0,0.021443,0.00519966,0.0113371,0.0114356,0,0,0.00231603,0.00282087,0.0182784,0.01044,0.0109337,0.00257995,0.0107931,0.00631202,0.00601985,0.00632905,0.00717473,0.0057213,0.00434181,0.00513291,0.00737854,0.00655467,0.0082263,0.00671906
132,0.0114212,0.010199,0.0155426,0.00494656,0.00850109,0,0.0262521,0.00814426,0.00989971,0.0109988,0.00726755,0.00789009,0,0,0.0114641,0.0167151,0.0124552,0.0098276,0.00945908,0.00554017,0.016078,0.015793,0.00943079,0.00301823,0.00472354,0,0,0.0213532,0.00516736,0.0111604,0.0111769,0,0,0.00224072,0.00273295,0.0192693,0.0102903,0.0107624,0.00246122,0.0105288,0.00612871,0.00584951,0.00622886,0.0070719,0.00570717,0.00399143,0.00480167,0.00743578,0.00716958,0.00850308,0.00661929
133,0.0115666,0.00974698,0.015468,0.00663457,0.00719422,0,0.0264406,0.00818584,0.0102638,0.010982,0.00771893,0.00841092,0,0,0.0114286,0.0184303,0.0144439,0.010266,0.00944603,0.00648382,0.0170098,0.0169171,0.0106629,0.00309284,0.00479621,0.00699391,0,0.0213011,0.00520937,0.0109651,0.0108583,0,0,0.00211191,0.00264749,0.0193942,0.0105387,0.011123,0.00272083,0.0106894,0.00661099,0.00605698,0.00606005,0.00709914,0.00568471,0.00402182,0.00489812,0.00775465,0.00738932,0.00906062,0.0069012
134,0.0117559,0.00926772,0.0156495,0.00774036,0.00685466,0,0.0265826,0.00823804,0.0107108,0.0109776,0.00805398,0.00878579,0,0,0.0114388,0.0200988,0.0163157,0.0108202,0.00980106,0.00731493,0.0174983,0.0176597,0.0113565,0.00321539,0.00502787,0.0107788,0,0.021216,0.00528101,0.0108032,0.0106813,0,0,0.00200999,0.00251742,0.0197599,0.0104635,0.0113501,0.00281823,0.0107892,0.00673942,0.00620335,0.00609388,0.00720469,0.00580017,0.00409436,0.00501099,0.00809675,0.00795609,0.00961301,0.0071147
135,0.0118327,0.00945545,0.015822,0.00846476,0.00879744,0,0.0266975,0.00828607,0.0109771,0.0107172,0.00832076,0.00906551,0,0,0.0116837,0.0219808,0.0181892,0.0114163,0.0106267,0.00841764,0.0165917,0.017744,0.0115012,0.0033524,0.00536282,0,0,0.0211541,0.00537037,0.0107676,0.0106955,0,0,0.00195709,0.00244537,0.0208503,0.0105894,0.0109998,0.00256604,0.0103367,0.00630558,0.00593212,0.00606291,0.00707295,0.00586689,0.00393345,0.00431461,0.00780683,0.00829797,0.00967051,0.00698485
136,0.0118303,0.0082743,0.0162468,0.00907527,0.00678739,0,0.0267966,0.00836872,0.0116383,0.010825,0.0086957,0.00945742,0,0,0.0114474,0.0235915,0.0201799,0.0121381,0.0105491,0.00887954,0.0176094,0.0182054,0.0117017,0.00337101,0.00560212,0.0120707,0,0.0210473,0.00551151,0.0106412,0.010631,0,0,0.00183736,0.00226696,0.0202765,0.0107046,0.0115287,0.00284099,0.0106454,0.00687211,0.00637734,0.00610088,0.00733373,0.0060146,0.0044665,0.0047893,0.008346,0.00869485,0.0103767,0.00746313
137,0.0118664,0.00797775,0.0166338,0.00950478,0.00862874,0,0.0268097,0.0083964,0.0119187,0.0103792,0.00890992,0.00961706,0,0,0.0115545,0.0253085,0.0220033,0.0126247,0.0116387,0.0100884,0.0165809,0.0179585,0.0114124,0.00338414,0.0058723,0,0,0.0209214,0.00560561,0.0106231,0.0107326,0,0,0.00178635,0.00216877,0.0210836,0.010812,0.0111074,0.00259362,0.0101355,0.00642949,0.0060909,0.00608912,0.00717808,0.00610193,0.00427756,0.00419906,0.00795603,0.00910034,0.0104548,0.00733418
