Timestep,C7,L.ASIS,L.PSIS,L_5meta,L_HJC,L_HJC_reg,L_Shoulder,L_Sternum,L_ankle,L_calc,L_elbow_lat,L_elbow_med,L_forearm,L_humerus,L_knee,L_sh2,L_sh3,L_shank_antsup,L_thigh1,L_thigh2,L_thigh3,L_thigh4,L_toe,L_wrist_radius,L_wrist_ulna,R_HJC,R_HJC_reg,R_Shoulder,R_Sternum,R_elbow_lat,R_elbow_med,R_forearm,R_humerus,R_wrist_radius,R_wrist_ulna,r.ASIS,r.PSIS,r_5meta,r_ankle,r_calc,r_knee,r_sh2,r_sh3,r_sh4,r_shank_antsup,r_thigh1,r_thigh2,r_thigh3,r_thigh4,r_thigh5,r_toe,
All Timesteps RMSE,0.01518,0.011341,0.010784,0.00875445,0.0131311,0,0.00850301,0.00616554,0.00772387,0.00523886,0.0114552,0.010679,0,0,0.0171214,0.0188943,0.0161444,0.0111332,0.0192099,0.0198985,0.0184297,0.0161909,0.009364,0.00317325,0.00603798,0.0141716,0,0.0144834,0.00589429,0.00740669,0.00766587,0,0,0.00497798,0.00625586,0.00871108,0.0106025,0.00888388,0.00824737,0.00582697,0.0161602,0.00948585,0.0203073,0.0198139,0.0081168,0.020897,0.013635,0.0170355,0.0212014,0.0213422,0.00880846,0
0,0.0154102,0.0136407,0.0176162,0.00992529,0.00897844,0,0.00987373,0.00802291,0.00693586,0.00299682,0.00718679,0.00636037,0,0,0.0217241,0.0203084,0.0140028,0.0106254,0.0301299,0.0317551,0.0235897,0.0209693,0.00927541,0.00209444,0.00352857,0.0135983,0,0.0176161,0.00801723,0.00922064,0.013668,0,0,0.00220402,0.00374833,0.00336055,0.0108899,0.00307868,0.00737834,0.00756079,0.0258237,0.00365923,0.0278679,0.0230609,0.00859761,0.006612,0.00958646,0.0186012,0.0165191,0.018005,0.00554279,0
1,0.0150645,0.0137453,0.0165987,0.00990735,0.00950894,0,0.00886189,0.00720545,0.00696299,0.0029516,0.00726175,0.00625888,0,0,0.0213878,0.0201703,0.0144858,0.0094833,0.0293343,0.0312886,0.0232384,0.0210177,0.00958517,0.00220249,0.0036099,0.0129143,0,0.0177363,0.007668,0.00924429,0.0135573,0,0,0.00225415,0.00382132,0.00276533,0.00984711,0.0039292,0.0075247,0.00608862,0.0241307,0.00365247,0.0268987,0.0226745,0.00628585,0.00886356,0.00882819,0.0170424,0.0167369,0.017031,0.0064224,0
2,0.0147617,0.0133165,0.0162853,0.0105653,0.0102,0,0.00845941,0.00692602,0.00760252,0.00291421,0.00743468,0.00639184,0,0,0.0201846,0.0201179,0.0156871,0.00759743,0.0279052,0.0293708,0.0221609,0.0207167,0.010372,0.00223725,0.00370162,0.012127,0,0.0177556,0.00763881,0.00919903,0.0133624,0,0,0.00238693,0.00393036,0.00306896,0.00931884,0.00523871,0.00778985,0.00545344,0.0221687,0.00491185,0.025751,0.0222252,0.00426056,0.0106276,0.00770581,0.0151737,0.0168303,0.0157941,0.00714761,0
3,0.014492,0.012766,0.0161279,0.0109442,0.0108863,0,0.00827014,0.00679338,0.00818719,0.00287252,0.00766907,0.00669299,0,0,0.0190311,0.0200384,0.0167894,0.00652115,0.0269779,0.0280857,0.0214474,0.0203975,0.0109879,0.00224182,0.00379421,0.0112456,0,0.0177131,0.0076434,0.00912652,0.0131215,0,0,0.00250979,0.0040529,0.0036212,0.00897847,0.00652418,0.0079872,0.00574238,0.0203585,0.00625165,0.0244009,0.0214978,0.00327662,0.0117791,0.00678945,0.0132923,0.016437,0.0142461,0.00771809,0
4,0.014292,0.0122611,0.015931,0.0110671,0.0115502,0,0.00819305,0.00665409,0.00867442,0.0028524,0.00798538,0.00715533,0,0,0.0180778,0.0199725,0.0176448,0.0060764,0.026348,0.0273385,0.0209175,0.0200387,0.0114378,0.00221454,0.00389592,0.0103972,0,0.0176477,0.00758363,0.00903749,0.0128663,0,0,0.00260336,0.00415686,0.00429405,0.00874768,0.00771553,0.0082665,0.0065399,0.0187447,0.00740941,0.0230054,0.0207143,0.00316703,0.0127937,0.0059206,0.0114595,0.0159923,0.0126431,0.00822467,0
5,0.0141922,0.0117767,0.0156068,0.011305,0.0122325,0,0.00819352,0.00646369,0.00936249,0.00287658,0.00839318,0.00775545,0,0,0.0169328,0.0198488,0.0184258,0.00619675,0.0255743,0.0263849,0.0202713,0.019531,0.0119393,0.00218037,0.00403187,0.00964559,0,0.0175786,0.00743912,0.00893062,0.0125983,0,0,0.00267665,0.00423844,0.0050042,0.00854361,0.00878841,0.00868614,0.00738122,0.0172807,0.00843752,0.0216617,0.0200618,0.00360093,0.0140002,0.00514389,0.00974302,0.0158237,0.0111613,0.00869927,0
6,0.0141953,0.0113185,0.01514,0.0115532,0.0128802,0,0.00824658,0.00622386,0.0101276,0.00289386,0.00888258,0.00844091,0,0,0.0157302,0.0196166,0.018932,0.00660881,0.0246998,0.0253494,0.0195318,0.0188912,0.0124242,0.00217983,0.00422931,0.00909407,0,0.0175082,0.0072219,0.00879923,0.0122972,0,0,0.00275384,0.00431774,0.00569147,0.0083371,0.00968821,0.00918966,0.0080253,0.0159914,0.00937254,0.0204676,0.0196592,0.00434464,0.0154247,0.00473188,0.0083436,0.0161044,0.00998212,0.00911615,0
7,0.0142891,0.0108468,0.0145424,0.0117217,0.0134616,0,0.00832597,0.00595488,0.0108533,0.00289557,0.00941969,0.00913425,0,0,0.0145311,0.0192005,0.0190233,0.00693902,0.0236907,0.0242128,0.0186765,0.0181201,0.0128306,0.00224535,0.00449754,0.0088079,0,0.017425,0.00695887,0.0086369,0.0119386,0,0,0.00286349,0.00442213,0.00629121,0.00810208,0.010359,0.00967219,0.00836345,0.0148822,0.0102568,0.0195041,0.0195733,0.00529222,0.0169664,0.00489392,0.00743482,0.0168571,0.00922842,0.00943814,0
8,0.0144585,0.0103026,0.0138545,0.0117101,0.013982,0,0.00839993,0.00567287,0.0114248,0.00292665,0.00994781,0.00974678,0,0,0.0132942,0.0184919,0.0186209,0.00701249,0.022496,0.0228897,0.0176824,0.0171984,0.013064,0.0023805,0.00481619,0.00880502,0,0.0173055,0.00667432,0.00844321,0.0115002,0,0,0.00302531,0.00457798,0.00675052,0.00783391,0.0107576,0.0100208,0.00837266,0.0139329,0.0110971,0.0188263,0.0198039,0.00634317,0.0184547,0.00552492,0.00709583,0.0179619,0.00891971,0.0096334,0
9,0.0147973,0.00961367,0.0131643,0.0113836,0.0144163,0,0.00840882,0.00533201,0.0117247,0.00306187,0.010306,0.0100653,0,0,0.0119166,0.0173931,0.0177088,0.00685557,0.0211212,0.0213518,0.0165289,0.0160953,0.0129779,0.0025467,0.00512101,0.00920245,0,0.0170843,0.00634391,0.00822159,0.0109532,0,0,0.0032589,0.00482014,0.00674447,0.00759333,0.0109479,0.0102196,0.00811106,0.0132536,0.0118461,0.0182031,0.0201451,0.00756558,0.0197879,0.00638157,0,0.0193803,0.0599074,0.00975747,0
10,0.0149314,0.00886897,0.012545,0.0105797,0.0149262,0,0.00841568,0.00509701,0.0116563,0.0033525,0.010769,0.0105035,0,0,0.0103429,0.0159185,0.0163747,0.00657438,0.0195398,0.0196094,0.0152602,0.0148446,0.0124212,0.00274214,0.00544118,0.00935176,0,0.0168817,0.00610781,0.00802466,0.010362,0,0,0.00351636,0.00510917,0.00733763,0.00729195,0.0107647,0.010082,0.00748998,0.012335,0.0126441,0.0183807,0.021018,0.00845315,0.0208149,0.00731033,0,0.0204388,0,0.00966786,0
11,0.0151679,0.00802492,0.0121219,0.00913555,0.015365,0,0.00833835,0.00483223,0.0111548,0.00377866,0.0110133,0.0106416,0,0,0.00866184,0.0141887,0.0147593,0.00621438,0.017858,0.0178407,0.0138591,0.013473,0.0112934,0.0029235,0.00568022,0.00954427,0,0.0165907,0.00585915,0.00786847,0.0097083,0,0,0.00380804,0.0054867,0.00760995,0.00704685,0.0104351,0.00979204,0.00686782,0.0116752,0.0131751,0.018691,0.0218286,0.00908715,0.0213599,0.00795981,0,0.0212461,0,0.00952639,0
12,0.0152881,0.00719764,0.0119664,0.00735311,0.0158111,0,0.00823964,0.00465388,0.0104618,0.00414661,0.0112532,0.0107582,0,0,0.00656558,0.0121422,0.0130289,0.00627399,0.0161017,0.0160714,0.0124035,0.0120689,0.00964947,0.00306795,0.00587268,0.00923416,0,0.0162942,0.00567724,0.00778427,0.00904337,0,0,0.00410889,0.00590653,0.00827968,0.00672971,0.0100469,0.00941252,0.00642007,0.0108097,0.0137462,0.0196388,0.0229092,0.00945256,0.0216189,0.00857547,0.0518861,0.0215252,0,0.0092875,0
13,0.0156747,0.00635045,0.0115391,0.00512738,0.0161329,0,0.00798687,0.00431127,0.00950726,0.00439777,0.0110414,0.0102981,0,0,0.00457577,0.009818,0.0109951,0.00632063,0.0146284,0.0145735,0.0112623,0.0109377,0.00755731,0.00311196,0.00589761,0.0101515,0,0.0158892,0.00536013,0.00781179,0.0083859,0,0,0.0044146,0.00640909,0.00796029,0.00667279,0.00983301,0.00912696,0.00590353,0.0106592,0.0139738,0.0197064,0.0233321,0.00992375,0.0224367,0.00939633,0.00992652,0.0227838,0.0105037,0.00929283,0
14,0.0159205,0.00570508,0.0111614,0.00303345,0.016334,0,0.00775912,0.00410277,0.00857341,0.00452563,0.0108565,0.009889,0,0,0.00304283,0.00757564,0.00896307,0.00632295,0.0132822,0.0132891,0.0103062,0.0100523,0.00542696,0.00313929,0.00588492,0.0105882,0,0.0155575,0.00511473,0.00793554,0.0078248,0,0,0.00466208,0.00689357,0.00800681,0.00649828,0.00974996,0.00890649,0.00564671,0.0104169,0.0141651,0.0200072,0.023727,0.0101707,0.0232055,0.0102646,0.0106811,0.023773,0,0.00931654,0
15,0.0159673,0.00517009,0.0107427,0.00197042,0.0349408,0,0.00760788,0.0040736,0.00795233,0.0042545,0.0107239,0.00955143,0,0,0.00280352,0.00595864,0.00724126,0.00639684,0.012148,0.0123755,0.00961772,0.0096525,0.00370249,0.00313716,0.00582905,0.0106143,0,0.0153922,0.00497385,0.00812499,0.00751671,0,0,0.00477649,0.00727358,0.0082834,0.00630007,0.00979576,0.00874748,0.00560241,0.0103494,0.0140894,0.020266,0.0238652,0.0100593,0.0237419,0.0109446,0.0113643,0.0244975,0.0122977,0.00940345,0
16,0.0162626,0.00502861,0.0104034,0.00263223,0.0163154,0,0.00738434,0.00398074,0.00715079,0.00425776,0.0104346,0.00903269,0,0,0.00317584,0.00382025,0.00478956,0.00592107,0.0113057,0.0113311,0.0092225,0.00916325,0.00235228,0.00308073,0.00571648,0.0107303,0,0.0150846,0.00473606,0.00833931,0.0070449,0,0,0.00498047,0.0077156,0.00825279,0.00610226,0.00995174,0.00865155,0.00563362,0.010427,0.0136815,0.0200883,0.0235182,0.00967295,0.0244642,0.0116898,0.0119644,0.025334,0,0.00956551,0
17,0.016285,0.00482313,0.00991502,0.00339551,0.0335357,0,0.00730863,0.00410912,0.00683156,0.00376183,0.0103032,0.00870251,0,0,0.00425205,0.00324329,0.00306212,0.0056425,0.0108815,0.0108093,0.00926417,0.00932918,0.0018611,0.00297984,0.00558279,0.0105842,0,0.0150191,0.00466473,0.00852616,0.00693334,0,0,0.00500763,0.00794567,0.00853382,0.00590473,0.0102064,0.00863346,0.00580193,0.0106781,0.0130134,0.0198611,0.0229964,0.00894573,0.0249243,0.0122075,0.0125323,0.0259796,0,0.0097993,0
18,0.0164966,0.00504454,0.0096126,0.00418423,0.0160091,0,0.00721159,0.0042004,0.00627045,0.00369745,0.010129,0.00835571,0,0,0.00471603,0.00282219,0.00151992,0.00477952,0.0107323,0.0101547,0.00937615,0.00922359,0.00162688,0.00286823,0.00543515,0.0104189,0,0.0148422,0.00456998,0.00867359,0.00666242,0,0,0.00511122,0.00817781,0.00868573,0.00577603,0.0105257,0.00868818,0.00601527,0.0109244,0.0122288,0.0195195,0.0223474,0.00810393,0.025434,0.0127772,0.0130818,0.0265104,0,0.0100718,0
19,0.0165016,0.00506797,0.00924879,0.00439062,0.0319728,0,0.00722782,0.00440979,0.00607197,0.00337085,0.010091,0.00819213,0,0,0.00545067,0.00364754,0.00250058,0.00421205,0.0111397,0.0100874,0.0100104,0.00969814,0.00159667,0.00274059,0.00528882,0.0102,0,0.0148342,0.00462333,0.00872376,0.00665085,0,0,0.00507503,0.00820209,0.00902854,0.00569105,0.0108935,0.00883127,0.00625176,0.011258,0.0114326,0.0192879,0.0218245,0.00721744,0.0257834,0.0132217,0.0136185,0.0268859,0,0.0104015,0
20,0.0166549,0.00535912,0.00915714,0.00463066,0.0157091,0,0.00720322,0.00452837,0.00562614,0.00345264,0.0100256,0.00801913,0,0,0.00568454,0.00417759,0.00378401,0.00343865,0.0117413,0.00998677,0.0106361,0.0098995,0.00138407,0.00261006,0.00516251,0.0100585,0,0.0146964,0.00466117,0.00870984,0.00646184,0,0,0.00511,0.00821966,0.00927549,0.00574569,0.011252,0.00901585,0.0064637,0.0115782,0.0107281,0.0191672,0.0214724,0.00641862,0.0261044,0.0136355,0.0141226,0.027048,0,0.0107316,0
21,0.0166111,0.00538914,0.0090439,0.00449955,0.0306717,0,0.007237,0.00469831,0.00541538,0.00328364,0.0100534,0.00797677,0,0,0.00621654,0.00466333,0.00462012,0.0030978,0.0127897,0.0104656,0.0116893,0.0105576,0.00120532,0.00249324,0.00507094,0.00995614,0,0.0146631,0.00480235,0.00860274,0.00645362,0,0,0.00502975,0.00807269,0.0095979,0.00582912,0.0115872,0.00923209,0.00662906,0.011962,0.0101907,0.0192902,0.021434,0.00574856,0.0262501,0.0138659,0.0145861,0.0270445,0,0.0110686,0
22,0.016676,0.00555654,0.00916417,0.00445088,0.0154751,0,0.00720581,0.00476564,0.00494606,0.00339273,0.0100304,0.00788228,0,0,0.00643273,0.004692,0.00494586,0.00271514,0.0137874,0.0108469,0.0125716,0.0108924,0.000897099,0.0024103,0.00503389,0.0100089,0,0.0144807,0.00488584,0.00846774,0.00625097,0,0,0.00501377,0.00796278,0.00973542,0.00605567,0.0119996,0.0095674,0.00675186,0.0120359,0.0101433,0.0194881,0.0217222,0.00564264,0.0266941,0.0143929,0.0150719,0.0271601,0,0.0114346,0
23,0.0165446,0.00550792,0.00919995,0.0040988,0.0296967,0,0.00720615,0.00487135,0.0046062,0.00325683,0.0100538,0.00785699,0,0,0.00696089,0.00437259,0.00466549,0.0027475,0.014919,0.0115456,0.0135695,0.0114425,0.000740002,0.0023835,0.00505744,0.0100582,0,0.0143666,0.00501029,0.00829048,0.0061789,0,0,0.00491164,0.0077506,0.00991426,0.00621883,0.0121394,0.0096682,0.00678567,0.0126158,0.00979174,0.0199718,0.0220827,0.00505463,0.0263743,0.0140407,0.0153131,0.0267999,0,0.0116539,0
24,0.0165034,0.00558102,0.00938908,0.00376357,0.0153516,0,0.00714636,0.00488794,0.00400083,0.0033078,0.010014,0.00775148,0,0,0.00724787,0.00366761,0.00405391,0.00269923,0.0157386,0.0119468,0.0141484,0.0115714,0.000600508,0.00241717,0.00514653,0.0102054,0,0.0141074,0.00503862,0.00813916,0.00590505,0,0,0.00487327,0.00762032,0.0099486,0.00646411,0.0122588,0.00977431,0.00678078,0.0130639,0.0096618,0.0204793,0.0225473,0.00470689,0.0261161,0.0137105,0.0154898,0.0264991,0,0.0118325,0
25,0.0164276,0.00559134,0.00956333,0.00329643,0,0,0.00707743,0.00488325,0.00328096,0.00333188,0.00995723,0.00762596,0,0,0.0075684,0.0027346,0.00320805,0.0027844,0.0163598,0.0122508,0.014445,0.011559,0.0007715,0.0025052,0.00528399,0.0103987,0,0.013811,0.00502246,0.00801642,0.00557928,0,0,0.00483356,0.00751146,0.00993116,0.00669845,0.0123273,0.00985614,0.00675305,0.0135155,0.00957788,0.0210276,0.0230224,0.00438024,0.0257831,0.0132585,0.0156031,0.0261973,0,0.0119622,0
26,0.0162095,0.00535748,0.00955448,0.0026323,0.0151665,0,0.00704512,0.0049164,0.00262484,0.00306704,0.00992109,0.0075353,0,0,0.00817114,0.00191191,0.0022832,0.00335,0.0170046,0.0127446,0.0147276,0.0117654,0.00125969,0.00262517,0.00543793,0.0106116,0,0.013579,0.00501475,0.00790741,0.00534213,0,0,0.00473408,0.00736476,0.0099307,0.00681218,0.0123485,0.00991853,0.00671889,0.0140358,0.00944174,0.0216281,0.023452,0.00395552,0.0253596,0.0126779,0.0157055,0.0258392,0,0.0120564,0
27,0.0160435,0.00514454,0.00956719,0.00216235,0.0150191,0,0.00699502,0.00490209,0.00187145,0.00294728,0.00985772,0.00741324,0,0,0.00860583,0.00135493,0.00154945,0.00379317,0.0173346,0.0129859,0.0146567,0.0116804,0.00186735,0.00275079,0.00558671,0.0108204,0,0.013287,0.00494753,0.00785688,0.00500292,0,0,0.00470515,0.00728697,0.0099163,0.00691696,0.0123093,0.00993242,0.00668658,0.0146666,0.00913441,0.0222197,0.0237197,0.00332409,0.0248441,0.0119978,0.0158134,0.0252036,0,0.0121054,0
28,0.0158808,0.00487822,0.00952707,0.00200116,0.0148348,0,0.00695095,0.00486823,0.00138018,0.00287032,0.00979903,0.00729817,0,0,0.00898958,0.00189987,0.00161905,0.00430943,0.0174935,0.0131529,0.0144618,0.011475,0.00251638,0.00285648,0.00570597,0.0110003,0,0.0129942,0.00485245,0.00785965,0.00464774,0,0,0.00472276,0.00724249,0.00992839,0.00698219,0.0122187,0.00989488,0.00665524,0.0154525,0.00863396,0.0228116,0.0238189,0.00251862,0.0242356,0.0112721,0.0159732,0.0242877,0,0.012126,0
29,0.0157291,0.00459426,0.00943559,0.00222007,0.0146259,0,0.00691523,0.00481519,0.00155042,0.00286074,0.00976253,0.00720354,0,0,0.00931364,0.00324015,0.00266753,0.00493025,0.0175125,0.0132593,0.0142269,0.0111344,0.00316205,0.0029266,0.00578542,0.0111399,0,0.0127109,0.00473398,0.00791776,0.00429626,0,0,0.00479391,0.0072276,0.00997099,0.00703377,0.0120862,0.00980034,0.00662405,0.0164032,0.00797039,0.023395,0.0237623,0.00183309,0.023542,0.0105853,0.0162056,0.0232001,0,0.0121293,0
30,0.0155932,0.0043476,0.0093024,0.00269033,0.0144179,0,0.00688948,0.00474612,0.00218274,0.00293148,0.00976823,0.00714448,0,0,0.00959116,0.00497886,0.00423872,0.00569195,0.0174301,0.0133062,0.0139954,0.0106601,0.00379322,0.00295576,0.00582664,0.0112368,0,0.0124427,0.00459581,0.00802632,0.00396455,0,0,0.00491531,0.00724091,0.0100388,0.00710447,0.0119227,0.00964886,0.00659925,0.0174923,0.00722177,0.0239584,0.0235902,0.00200648,0.0227731,0.010028,0.0165112,0.0221025,0,0.01212,0
31,0.015474,0.00419154,0.00914513,0.00327692,0.0142429,0,0.00687582,0.00466755,0.00291347,0.0030904,0.00983485,0.00713896,0,0,0.00985532,0.00698558,0.00614852,0.00660212,0.0172903,0.0132902,0.0137677,0.0100903,0.004422,0.00294715,0.00583961,0.0112944,0,0.0121927,0.00444352,0.00816976,0.00366418,0,0,0.00507137,0.00728226,0.0101245,0.00722036,0.0117417,0.00945079,0.0065965,0.018657,0.00649788,0.024489,0.0233614,0.00306633,0.0219527,0.00967848,0.0168819,0.0211014,0,0.012095,0
32,0.0153705,0.00415932,0.00898838,0.00391793,0.0141334,0,0.00687643,0.0045877,0.00363163,0.00333905,0.00997394,0.0072058,0,0,0.0101494,0.00914991,0.0083116,0.00762841,0.0171279,0.0132164,0.0135215,0.00950362,0.00506702,0.0029093,0.00583745,0.011318,0,0.011962,0.00428538,0.00832299,0.00340115,0,0,0.00523741,0.00734841,0.0102228,0.00739318,0.0115574,0.0092234,0.00663331,0.019819,0.0059054,0.0249739,0.0231332,0.00437385,0.0211237,0.00958152,0.0173115,0.0202153,0,0.0120428,0
33,0.0152796,0.0043045,0.00891518,0.00464483,0.0141827,0,0.00689709,0.00451577,0.00435992,0.00365475,0.0101807,0.00736123,0,0,0.0104769,0.0113536,0.0106578,0.00874906,0.0169606,0.0130818,0.0132711,0.0090095,0.00574373,0.00286318,0.00583007,0.0111678,0,0.0117544,0.00413009,0.00845191,0.00317926,0,0,0.00538422,0.00742888,0.0104333,0.00763147,0.0109893,0.00850813,0.0066683,0.0214808,0.00530629,0.0253697,0.0224859,0.00661689,0.0194834,0.00970236,0.017925,0.0186904,0,0.0116201,0
34,0.0152001,0.004499,0.00880076,0.00523183,0.0142414,0,0.00691908,0.00446034,0.00501902,0.00412058,0.0104617,0.0076096,0,0,0.0109896,0.0135557,0.0130631,0.00974261,0.0167535,0.013011,0.0129063,0.00871568,0.00644473,0.00277399,0.00582898,0.011219,0,0.0115681,0.00399828,0.00856014,0.00300179,0,0,0.00550101,0.00750229,0.0104721,0.00789153,0.011001,0.00847224,0.00681647,0.0221711,0.00523323,0.0257083,0.0225189,0.00725526,0.0192586,0.0102044,0.0184403,0.0183601,0,0.0116192,0
35,0.0151374,0.0047689,0.00877796,0.00588122,0.0143994,0,0.0069597,0.00441709,0.00573277,0.00462538,0.0107659,0.00794355,0,0,0.0115766,0.0156901,0.0154919,0.0107578,0.0165209,0.0129647,0.0125914,0.00872312,0.00714638,0.00270695,0.00583193,0.011223,0,0.0114068,0.00387878,0.00861914,0.00285033,0,0,0.00557613,0.00756549,0.0105651,0.00818752,0.0109789,0.00837155,0.00698703,0.0227911,0.00517799,0.0259394,0.0224916,0.00781527,0.0190566,0.0107962,0.0189919,0.0179833,0,0.0115271,0
36,0.0150896,0.00508853,0.0088392,0.00647185,0.014642,0,0.00701132,0.00438922,0.00646662,0.005179,0.0110786,0.00834808,0,0,0.0122728,0.0177502,0.0178537,0.0116559,0.0162282,0.0129649,0.012351,0.00906125,0.00782582,0.00265354,0.00584358,0.0112049,0,0.0112738,0.00378192,0.00864737,0.00272289,0,0,0.00561692,0.00760505,0.0106715,0.0084936,0.0109433,0.00822854,0.00715746,0.0232878,0.00511923,0.02603,0.0223699,0.00826673,0.0189822,0.0114929,0.0195703,0.0176523,0,0.0113736,0
37,0.015057,0.00541473,0.00897649,0.00695168,0.0149332,0,0.00707483,0.00437321,0.00721088,0.00576502,0.0113807,0.00880119,0,0,0.0130732,0.019716,0.020063,0.012361,0.0158596,0.0129773,0.0122681,0.00969894,0.00844987,0.00262445,0.00586783,0.0111741,0,0.0111707,0.00370791,0.00866291,0.0026092,0,0,0.00563439,0.00762195,0.0107826,0.00879031,0.0109042,0.00806068,0.00730421,0.023636,0.00505246,0.0259584,0.0221144,0.00862863,0.0190898,0.0122874,0.020156,0.0174245,0,0.0111839,0
38,0.0150441,0.00570206,0.00918989,0.00732066,0.0152376,0,0.00715692,0.00435889,0.00797282,0.00635093,0.0116534,0.00927734,0,0,0.0139334,0.0215424,0.0220384,0.0128314,0.0154068,0.0129074,0.0124556,0.0105583,0.00899278,0.00263886,0.00590695,0.0111065,0,0.0110953,0.00364869,0.00867573,0.00249073,0,0,0.00564031,0.00763016,0.0109272,0.00907634,0.0107786,0.007791,0.0073972,0.0239255,0.00504198,0.0257008,0.0215974,0.00914446,0.0193229,0.0132716,0.0207921,0.0172696,0,0.0109015,0
39,0.0150423,0.00593673,0.00942475,0.00750085,0.0155232,0,0.0072531,0.00435208,0.00870622,0.00692563,0.0119118,0.00976719,0,0,0.0148853,0.0231738,0.023653,0.0128972,0.0148747,0.0127591,0.0129313,0.0115874,0.00942341,0.00268166,0.00596644,0.0110486,0,0.0110474,0.00361961,0.00870666,0.0023823,0,0,0.00564262,0.00763111,0.0110521,0.00932191,0.0106657,0.00756583,0.00743814,0.0240533,0.00507275,0.0252935,0.020943,0.00961125,0.0197787,0.0143107,0.0213956,0.0173284,0,0.0106231,0
40,0.015053,0.00608159,0.00965718,0.00752951,0.0157507,0,0.00736778,0.00434863,0.00940072,0.00745132,0.0121555,0.010261,0,0,0.015888,0.0245363,0.0248189,0.0125205,0.0142855,0.0124913,0.013718,0.0127101,0.00972969,0.00276003,0.00604494,0.0109933,0,0.0110222,0.00362224,0.00874978,0.0022822,0,0,0.005646,0.00763559,0.0111801,0.00953947,0.010564,0.00741485,0.00743953,0.0240536,0.00516232,0.0247804,0.0201888,0.010059,0.020387,0.015384,0.0219568,0.017577,0,0.0103518,0
41,0.0150763,0.00612221,0.00986178,0.00742996,0.0158996,0,0.00749822,0.00435454,0.0100126,0.00790007,0.0123962,0.0107606,0,0,0.0169238,0.0255665,0.0254611,0.0116633,0.01368,0.0121218,0.0147557,0.0138629,0.00990464,0.00286672,0.00613994,0.0109406,0,0.0110146,0.00366911,0.00879793,0.00220245,0,0,0.0056519,0.00764266,0.0113207,0.00974743,0.0104768,0.0073644,0.00742419,0.0239662,0.00531359,0.0242221,0.0193986,0.0104908,0.0210767,0.0164849,0.0224815,0.0179875,0,0.0100938,0
42,0.0151184,0.0060579,0.0100283,0.00722161,0.0159636,0,0.00763949,0.00438167,0.0104757,0.00825735,0.0126484,0.0112749,0,0,0.0179812,0.0262231,0.0255388,0.0103436,0.0131009,0.0116946,0.0159197,0.0149876,0.00994126,0.00299136,0.00624705,0.0108931,0,0.0110187,0.00377304,0.00884155,0.00215456,0,0,0.00566099,0.00764601,0.0114842,0.0099781,0.01041,0.00742695,0.00742046,0.0238301,0.00551598,0.0236832,0.018645,0.0108897,0.0217924,0.0176152,0.0229892,0.018531,0,0.00985718,0
43,0.0151909,0.00590656,0.0101666,0.00691054,0.0159512,0,0.00778854,0.00444562,0.010715,0.00852793,0.0129277,0.0118148,0,0,0.019044,0.0264915,0.0250532,0.00866514,0.0125714,0.0112617,0.0170443,0.0160301,0.00982887,0.00312359,0.00636103,0.0108593,0,0.0110298,0.00394456,0.00887214,0.00214393,0,0,0.00567468,0.00763823,0.011678,0.0102723,0.0103686,0.00759341,0.00745123,0.0236793,0.00575078,0.0232167,0.0179919,0.0112316,0.0225068,0.0187711,0.0235079,0.0191813,0,0.0096497,0
44,0.0153111,0.00563811,0.0104066,0.00625257,0.0159067,0,0.00794276,0.00455246,0.010481,0.00870083,0.0132273,0.012374,0,0,0.0203572,0.0264058,0.0238901,0.0067591,0.0117138,0.0110732,0.017612,0.0170584,0.00942022,0.00326229,0.00647184,0.0107613,0,0.0110458,0.00418233,0.00887518,0.00217199,0,0,0.00569182,0.00761098,0.0119946,0.0107823,0.00925724,0.00735583,0.00729359,0.0243397,0.00727952,0.0226855,0.016484,0.0136331,0.0240512,0.0220374,0.0252409,0.0213702,0,0.00863762,0
45,0.0154747,0.00552166,0.0105583,0.00597195,0.0158489,0,0.00811641,0.00474218,0.0103381,0.00887075,0.0136085,0.012984,0,0,0.0210339,0.0259984,0.0226824,0.00541958,0.0115795,0.0105486,0.0185983,0.0176986,0.00913285,0.00337574,0.00659099,0.0108529,0,0.0110724,0.0045263,0.00887453,0.00223244,0,0,0.00571933,0.00756866,0.0122119,0.011253,0.00952673,0.00779476,0.00743865,0.0240277,0.00716196,0.0224661,0.0163524,0.0132937,0.0246643,0.0226823,0.0255802,0.0219162,0,0.00871006,0
46,0.0156848,0.00533311,0.0107721,0.00516155,0.0157079,0,0.0083274,0.00499167,0.00963195,0.00903651,0.0140087,0.0136144,0,0,0.0219899,0.0253576,0.0209649,0.0053528,0.0108836,0.0104894,0.0185992,0.0182454,0.00845268,0.0035054,0.00670731,0.010965,0,0.0111222,0.00493002,0.00883153,0.00229414,0,0,0.00575151,0.00752215,0.0124366,0.0118825,0.00976634,0.00817436,0.00761178,0.0238446,0.00712524,0.022361,0.0163474,0.0129979,0.0253444,0.0234047,0.0260374,0.0224994,0,0.0087901,0
47,0.0159163,0.0052721,0.0110587,0.0043326,0.0156106,0,0.00856656,0.00531404,0.00882802,0.00921143,0.014433,0.0142504,0,0,0.0226877,0.0246782,0.0193633,0.00660896,0.0103164,0.0104577,0.0184684,0.0185836,0.00770491,0.00362713,0.00682618,0.0111402,0,0.0111955,0.00537715,0.00877272,0.00238186,0,0,0.00578348,0.00746409,0.0126213,0.0125781,0.0100005,0.00848147,0.00776963,0.02374,0.00711081,0.0223332,0.0164683,0.0126643,0.0260212,0.0240748,0.0265231,0.0230504,0,0.00891188,0
48,0.0161494,0.00531253,0.0114068,0.00354398,0.015535,0,0.00882749,0.00568212,0.00804387,0.00940224,0.014836,0.0148615,0,0,0.0231656,0.024142,0.0181238,0.00836817,0.00991145,0.0103823,0.0183392,0.0187825,0.00693698,0.00374579,0.0069444,0.0113671,0,0.0112891,0.00580741,0.00869912,0.00247859,0,0,0.0058125,0.00740617,0.0127446,0.0133004,0.0102415,0.00871957,0.007894,0.0236933,0.00709395,0.0223685,0.0167155,0.0122493,0.0266409,0.0246507,0.0269699,0.0234952,0,0.00908965,0
49,0.0163591,0.00544407,0.0117797,0.00301754,0.0154664,0,0.00909831,0.00606059,0.00750072,0.00958165,0.0151778,0.0154192,0,0,0.0234028,0.023929,0.017482,0.00987751,0.00993355,0.0100781,0.0185931,0.0189305,0.00630986,0.00385774,0.00705782,0.0116333,0,0.0113901,0.00617623,0.0086192,0.00258199,0,0,0.00583577,0.00735019,0.0127782,0.0139923,0.0104475,0.00888352,0.00794984,0.0236981,0.00709703,0.0224379,0.0170323,0.0118035,0.0271933,0.0251799,0.0273664,0.0238529,0,0.00929479,0
50,0.016535,0.00563176,0.0121265,0.00271989,0.0153733,0,0.00937075,0.00640753,0.00718457,0.00974092,0.0154273,0.015898,0,0,0.023505,0.024013,0.0173187,0.0110619,0.0102688,0.00966731,0.0191453,0.0190726,0.00581666,0.00395795,0.00715996,0.0119183,0,0.011482,0.00646186,0.00854012,0.0026836,0,0,0.00585681,0.00730184,0.0126989,0.0146135,0.0105926,0.00897102,0.00790729,0.0237247,0.00711692,0.0225186,0.0173785,0.0113423,0.0276693,0.025674,0.0276944,0.0241209,0,0.0095029,0
51,0.016681,0.00585671,0.0123848,0.00256677,0.0152091,0,0.00963901,0.00668616,0.00700689,0.00988187,0.0155674,0.0162732,0,0,0.0235126,0.0242374,0.0174112,0.0119489,0.0107013,0.00926455,0.0197655,0.0191758,0.00542411,0.00403932,0.00724177,0.0121999,0,0.0115518,0.00665997,0.00846244,0.00276731,0,0,0.00588325,0.00727288,0.0124975,0.01514,0.010728,0.00900501,0.00776476,0.0236587,0.00711361,0.0226033,0.0178149,0.0107131,0.0279745,0.0259652,0.0278465,0.0241595,0,0.00974305,0
52,0.0167983,0.00612627,0.0124178,0.00250308,0.0148926,0,0.00990664,0.0068884,0.0069541,0.00998662,0.0156138,0.0165419,0,0,0.0233384,0.0244395,0.0176088,0.012347,0.0113043,0.00885481,0.0204217,0.0191589,0.00520026,0.00410037,0.00730113,0.0124609,0,0.0115933,0.00678646,0.00838668,0.00283183,0,0,0.00592239,0.00726828,0.0120745,0.0154951,0.0113791,0.00927057,0.00763672,0.0228624,0.00718122,0.0227988,0.0191229,0.00876346,0.0274802,0.0248869,0.0271209,0.0230844,0,0.0104363,0
53,0.0168803,0.00648101,0.0123616,0.00242107,0.0145639,0,0.0101565,0.00702236,0.00692653,0.00996346,0.0155949,0.0166923,0,0,0.0230114,0.0245584,0.017822,0.0122512,0.0119163,0.00845367,0.0210807,0.0190742,0.00516758,0.0041227,0.00733357,0.0127053,0,0.0115929,0.0068588,0.0083132,0.00289859,0,0,0.00596986,0.0072751,0.0116451,0.0157937,0.0113564,0.00921358,0.00725017,0.0224824,0.00741905,0.0228211,0.0196002,0.0080357,0.0276251,0.0248739,0.0270464,0.0228891,0,0.0105912,0
54,0.0169282,0.00692738,0.0120658,0.00236819,0.0140905,0,0.0103804,0.00710212,0.00698008,0.00977123,0.0155261,0.016743,0,0,0.0223805,0.0244967,0.0180194,0.0113919,0.0128269,0.00810457,0.0218308,0.0188202,0.00543168,0.00412731,0.00734465,0.0129313,0,0.0115672,0.00688233,0.00822488,0.00296713,0,0,0.00602422,0.00729146,0.0110794,0.0159536,0.0115619,0.00934373,0.00684929,0.0215492,0.00804242,0.0228858,0.0205741,0.00676221,0.0274372,0.0240931,0.0265097,0.0221973,0,0.0109501,0
55,0.0169389,0.00743379,0.0115042,0.00255118,0.0134276,0,0.0105623,0.00714602,0.00700274,0.00938767,0.0154378,0.0167176,0,0,0.0214695,0.0241208,0.0180205,0.0100198,0.0137176,0.00795591,0.0222455,0.0182932,0.00587648,0.00411432,0.00734354,0.0131835,0,0.0115241,0.00686934,0.00812263,0.00304646,0,0,0.00607801,0.00730736,0.0103075,0.0159675,0.0122382,0.0100415,0.0065187,0.019624,0.00994,0.0231104,0.022586,0.00561707,0.0271464,0.0225408,0.0254039,0.0212805,0,0.0117357,0
56,0.0168853,0.00805646,0.010998,0.00272695,0.0128745,0,0.0106905,0.007163,0.00659777,0.00877126,0.0153469,0.0166345,0,0,0.0207974,0.0234292,0.0174903,0.00919538,0.0133307,0.00786469,0.0213592,0.0176388,0.00610202,0.00408236,0.00733484,0.0133273,0,0.0114757,0.00682178,0.00798615,0.00315053,0,0,0.00610278,0.00729814,0.00982035,0.0160161,0.0118125,0.00974929,0.00593798,0.0191589,0.0101084,0.0229682,0.0226023,0.00550504,0.0271662,0.0223996,0.0253289,0.0209439,0,0.0115406,0
57,0.0167658,0.00875873,0.0104131,0.00323412,0.0122493,0,0.0107653,0.00715734,0.00621606,0.00792273,0.0152565,0.0165223,0,0,0.0200826,0.0225509,0.0166932,0.00830908,0.0127085,0.00815528,0.0198764,0.016805,0.00638748,0.00404774,0.00732345,0.0134597,0,0.0114409,0.00675007,0.00780809,0.00328202,0,0,0.00608734,0.00725147,0.00933807,0.0159951,0.011382,0.00948606,0.00539553,0.0186674,0.0102885,0.0228167,0.0226273,0.00544544,0.0271099,0.022124,0.0251661,0.0205374,0,0.0113405,0
58,0.0165858,0.00951644,0.00982105,0.0039597,0.0115678,0,0.0107947,0.00712637,0.00597436,0.00691506,0.0151762,0.0163999,0,0,0.0194174,0.0215416,0.0156588,0.00754394,0.011929,0.00907498,0.017724,0.0158351,0.0066511,0.00401019,0.00731017,0.0135964,0,0.01143,0.00666402,0.00758362,0.00344196,0,0,0.00602652,0.00715967,0.00885538,0.0159226,0.0109587,0.00926851,0.00490827,0.0181897,0.0104754,0.0226615,0.0226427,0.00546997,0.0269847,0.0218006,0.0249303,0.0200949,0,0.0111386,0
59,0.0163619,0.0103094,0.0092846,0.00474686,0.0108384,0,0.0107897,0.00706563,0.00599352,0.00584356,0.0151095,0.0162799,0,0,0.0188708,0.0204884,0.0145165,0.00695355,0.0113237,0.0107495,0.015018,0.0148386,0.00684234,0.00397594,0.00729392,0.0137585,0,0.0114501,0.00657304,0.00731127,0.00364191,0,0,0.00593009,0.00701731,0.00834875,0.0158148,0.0105595,0.00911199,0.00448229,0.0177312,0.0106866,0.0225106,0.0226382,0.00561385,0.0268026,0.0214902,0.0246392,0.0196491,0,0.0109446,0
60,0.0161167,0.0111205,0.00884685,0.00548382,0.0100682,0,0.01076,0.0069732,0.00627575,0.00479301,0.0150569,0.0161681,0,0,0.0184783,0.0195061,0.0134702,0.00650238,0.0113001,0.0129918,0.0120619,0.0139944,0.00694841,0.00395481,0.00727375,0.0139666,0,0.0115037,0.00648256,0.00699583,0.00390054,0,0,0.00581922,0.00682319,0.00779259,0.0156836,0.010198,0.00902118,0.00411196,0.0172707,0.0109483,0.0223708,0.0226071,0.00590818,0.0265795,0.0212172,0.0243125,0.0192211,0,0.01077,0
61,0.015871,0.011933,0.00852632,0.00612184,0.00926763,0,0.0107117,0.00685259,0.00668059,0.00384906,0.0150156,0.016064,0,0,0.0182413,0.0187275,0.0127411,0.00613851,0.0119467,0.0153687,0.00929381,0.0134936,0.00700138,0.00395642,0.00724863,0.0142368,0,0.0115907,0.00639223,0.00665028,0.00423322,0,0,0.00571645,0.00658151,0.0071763,0.0155387,0.00987858,0.00898794,0.00378337,0.0167775,0.0112797,0.0222402,0.0225448,0.00636547,0.0263334,0.0209778,0.0239682,0.0188189,0,0.0106244,0
62,0.0156407,0.0127235,0.0083206,0.00667044,0.00845947,0,0.0106472,0.0067127,0.0070433,0.00318472,0.0149796,0.0159628,0,0,0.018133,0.018276,0.0124954,0.00581835,0.0128893,0.0174088,0.00716428,0.0134263,0.00707735,0.00398328,0.00721569,0.014576,0,0.01171,0.00629811,0.00629636,0.00463956,0,0,0.00563454,0.00630293,0.00651914,0.0153902,0.00959551,0.00899669,0.00348125,0.0162216,0.0116857,0.0221032,0.0224528,0.00696942,0.0260833,0.0207552,0.0236178,0.0184371,0,0.010512,0
63,0.0154383,0.0134546,0.00821175,0.00718454,0.00768413,0,0.0105687,0.00656519,0.00728804,0.00308245,0.0149408,0.0158578,0,0,0.0181089,0.0182212,0.0127769,0.00547976,0.013622,0.0187631,0.00592471,0.0137068,0.00726776,0.00402388,0.00716751,0.0149785,0,0.0118601,0.00619768,0.00596291,0.00509781,0,0,0.00557058,0.00600419,0.00587554,0.015251,0.00933524,0.00903041,0.00319215,0.0155776,0.0121512,0.0219235,0.0223346,0.00767061,0.0258456,0.0205362,0.0232647,0.0180626,0,0.0104306,0
64,0.0152767,0.0140758,0.0081696,0.00774166,0.00699712,0,0.0104795,0.00642137,0.00744174,0.00356171,0.0148896,0.0157448,0,0,0.0181175,0.0185442,0.013497,0.00504073,0.0138215,0.0192607,0.00545631,0.0141205,0.00762364,0.00405094,0.00709068,0.0154245,0,0.0120375,0.00609407,0.00568094,0.00557002,0,0,0.0055088,0.00570543,0.00532914,0.0151337,0.00908108,0.009074,0.00290759,0.0148268,0.0126383,0.0216475,0.0221869,0.00839155,0.0256319,0.0203236,0.0229072,0.0176779,0,0.010371,0
65,0.015168,0.0145352,0.00815563,0.00840323,0.00645261,0,0.0103833,0.00629027,0.00757198,0.00423734,0.0148172,0.0156222,0,0,0.0181019,0.0191437,0.0144989,0.00446461,0.0134321,0.0188726,0.00552264,0.0144225,0.00812133,0.00402946,0.00696927,0.0158854,0,0.0122351,0.0059959,0.00547543,0.00601404,0,0,0.00543188,0.00542642,0.00496698,0.0150424,0.0088164,0.00911373,0.00262598,0.0139663,0.0130818,0.0212132,0.021981,0.00903338,0.0254421,0.0201357,0.0225405,0.0172622,0,0.0103202,0
66,0.0151284,0.0147207,0.00815287,0.00985156,0.00619292,0,0.0102807,0.00617916,0.00812569,0.00484624,0.0147223,0.015483,0,0,0.0173416,0.0197718,0.015967,0.00324424,0.0123115,0.0165511,0.00657007,0.0139593,0.0089395,0.0039256,0.00679375,0.0163575,0,0.0124425,0.0059106,0.00535934,0.00639414,0,0,0.00532623,0.00519015,0.00489718,0.0149192,0.00858759,0.00919668,0.00235951,0.0128701,0.0135232,0.0205204,0.0216839,0.00963735,0.0252922,0.0199824,0.0221377,0.0168041,0,0.0102961,0
67,0.015121,0.0148131,0.00810504,0.0104194,0.00598093,0,0.0101734,0.00609277,0.00813693,0.0050414,0.0145907,0.0153348,0,0,0.0172598,0.0204807,0.0169705,0.00306853,0.0119011,0.0150464,0.00810235,0.0137515,0.00944389,0.00375649,0.00657525,0.0167617,0,0.0126432,0.00585149,0.0053108,0.00668613,0,0,0.00522438,0.00500004,0.00498696,0.0148434,0.00821571,0.0091526,0.00212765,0.0119681,0.0135187,0.0196676,0.0210995,0.00970988,0.0250512,0.019859,0.0217138,0.016214,0,0.010198,0
68,0.0151398,0.0147185,0.00804928,0.0112239,0.00597636,0,0.010055,0.00603459,0.00830035,0.00500516,0.0144332,0.0151576,0,0,0.0166902,0.0210086,0.0180464,0.00313922,0.0121136,0.0126632,0.0106357,0.0131467,0.0100523,0.00353253,0.00633779,0.0171425,0,0.0128243,0.00581434,0.00530248,0.00686887,0,0,0.00513966,0.0048767,0.0052735,0.014696,0.00780232,0.00910258,0.00197527,0.0110283,0.0132507,0.0186,0.0202439,0.00946917,0.0247009,0.0196744,0.0211738,0.0154701,0,0.010071,0
69,0.0151466,0.0145868,0.00798222,0.0117261,0.00601608,0,0.00991721,0.00599785,0.00828622,0.00479879,0.0142471,0.0149387,0,0,0.0161675,0.0214273,0.0189279,0.00342431,0.0131221,0.0104752,0.0133488,0.0127579,0.0105457,0.00329514,0.00611069,0.017508,0,0.0129664,0.00579235,0.00528347,0.00691813,0,0,0.00510972,0.00481988,0.00562323,0.0144917,0.00738781,0.00910238,0.00193736,0.0100045,0.0127957,0.0174057,0.0191987,0.00902636,0.0241605,0.0193321,0.0204448,0.0145457,0,0.00990713,0
70,0.0151253,0.0144323,0.00792841,0.0121205,0.00613464,0,0.00975982,0.00597141,0.00823296,0.00456773,0.0140507,0.0146717,0,0,0.0155508,0.0216942,0.0196813,0.00380461,0.0146949,0.00858516,0.0160566,0.0126008,0.0109705,0.00306924,0.00591794,0.0178698,0,0.0130525,0.00577356,0.00521498,0.00680879,0,0,0.00514408,0.00482938,0.00604044,0.0141869,0.00692436,0.00914412,0.00198787,0.00889483,0.0121685,0.016116,0.018013,0.00843065,0.0234096,0.018742,0.0194926,0.0134326,0,0.00964379,0
71,0.0150715,0.0143227,0.00787679,0.0123735,0.00627895,0,0.00958313,0.00593425,0.00812534,0.00437187,0.013855,0.0143623,0,0,0.0149836,0.021852,0.0202452,0.00415106,0.0163349,0.00738794,0.0183409,0.0126783,0.0112774,0.00287387,0.00577273,0.0182253,0,0.013064,0.00574629,0.0050639,0.00652498,0,0,0.00524661,0.00489671,0.00650901,0.0137989,0.00638959,0.00922988,0.0020932,0.0076484,0.0115039,0.0147859,0.0168332,0.00785706,0.0224601,0.0178571,0.0183145,0.0121628,0,0.00922691,0
72,0.0149999,0.0142896,0.00779924,0.0125061,0.00641182,0,0.00939366,0.00586977,0.00797471,0.004218,0.0136725,0.0140292,0,0,0.0145337,0.021912,0.0205667,0.00441781,0.0176709,0.00693474,0.0199672,0.0128176,0.0114557,0.00271794,0.00568063,0.0185659,0,0.0129924,0.00570442,0.00482236,0.00607914,0,0,0.00540587,0.00501398,0.00703894,0.0133567,0.00573848,0.00932396,0.00223048,0.00626575,0.0109423,0.0134711,0.0157831,0.00747687,0.0213685,0.016712,0.0169688,0.0108131,0,0.00860431,0
73,0.0149338,0.0143363,0.00766531,0.0125562,0.00649936,0,0.00920074,0.0057765,0.00779656,0.0040916,0.0135129,0.013698,0,0,0.0142092,0.0218574,0.0206168,0.00460262,0.0185354,0.00695521,0.0208782,0.0128544,0.0115253,0.00260392,0.0056399,0.0188766,0,0.0128442,0.00564974,0.0045129,0.00552221,0,0,0.00560308,0.00517335,0.00763867,0.0128929,0.00492758,0.00936919,0.00240223,0.00483362,0.0105931,0.0122498,0.0149341,0.00740989,0.0202151,0.0154258,0.0155605,0.00949397,0,0.00774774,0
74,0.0148899,0.014447,0.00745774,0.0125643,0.00651357,0,0.0090128,0.00567342,0.00760545,0.00398343,0.013382,0.0133924,0,0,0.0139828,0.0216718,0.0204141,0.00469403,0.0189137,0.00711561,0.021157,0.0127277,0.011525,0.0025276,0.00564217,0.0191394,0,0.0126448,0.00559111,0.00418645,0.00493952,0,0,0.00581706,0.00536393,0.00829157,0.0124275,0.0039675,0.00931998,0.00262412,0.00356974,0.0104892,0.0112099,0.0142837,0.00767223,0.0190804,0.0141645,0.0142102,0.00833512,0,0.00667775,0
75,0.0148681,0.0146024,0.00718216,0.0125695,0.0064433,0,0.00883589,0.00559513,0.00741783,0.00389619,0.013282,0.0131287,0,0,0.0138161,0.0213679,0.0200282,0.00466562,0.0188761,0.00719919,0.0209673,0.012468,0.0114994,0.002479,0.00567525,0.019335,0,0.0124346,0.00554225,0.00390583,0.00442762,0,0,0.00602729,0.00556836,0.00895148,0.0119649,0.00301099,0.00916598,0.00288948,0.00289772,0.0105645,0.0104055,0.0137563,0.00816552,0.0180239,0.0130764,0.0130075,0.00746029,0,0.00548476,0
76,0.0148524,0.0147926,0.00687036,0.0126054,0.00630429,0,0.00867578,0.00557875,0.0072536,0.00383976,0.01321,0.0129145,0,0,0.0136851,0.0209967,0.0195606,0.00450552,0.0185253,0.00711119,0.0204906,0.0121513,0.0114875,0.00244622,0.00572729,0.0194474,0,0.0122577,0.00551806,0.00371595,0.00405702,0,0,0.00621568,0.00576262,0.00955833,0.0115075,0.00246706,0.00892756,0.00314028,0.00315919,0.0106887,0.00981386,0.0132346,0.0087395,0.0170718,0.0122362,0.0119749,0.00694887,0,0.00433705,0
77,0.0148248,0.0150004,0.0065757,0.0127189,0.00615588,0,0.00854368,0.00564981,0.00715412,0.00382777,0.0131619,0.0127517,0,0,0.0135613,0.0206245,0.0191287,0.00426028,0.0180121,0.00685728,0.0199312,0.0118514,0.0115285,0.00241685,0.00578997,0.0194691,0,0.0121489,0.00553023,0.00362063,0.00384395,0,0,0.00636523,0.00592089,0.0100713,0.011058,0.00273285,0.00861595,0.00330057,0.0040037,0.0106711,0.0093312,0.0125887,0.00918388,0.0161985,0.0116007,0.0110382,0.00678709,0,0.00349186,0
78,0.0147841,0.0152767,0.00636101,0.0128522,0.00598927,0,0.00844517,0.00580697,0.007081,0.00385588,0.0131173,0.0126365,0,0,0.0135601,0.0203521,0.0187867,0.0039016,0.0172959,0.00641753,0.0192652,0.0116755,0.0116002,0.00239449,0.00585526,0.0194103,0,0.0121161,0.00557857,0.00358406,0.00375792,0,0,0.00647414,0.00602137,0.010431,0.0107043,0.00359183,0.00830127,0.00333921,0.00490809,0.0106202,0.00884076,0.0117976,0.00966743,0.0154331,0.0111941,0.0101961,0.00693647,0,0.00306984,0
79,0.0147362,0.015571,0.0062744,0.0130502,0.005889,0,0.00839733,0.00603162,0.00708692,0.00392723,0.0130764,0.0125704,0,0,0.0136398,0.0202098,0.0186029,0.00351815,0.016552,0.00590312,0.0186805,0.0116506,0.0117312,0.00237095,0.00592102,0.0192937,0,0.0121514,0.00565694,0.00356887,0.00375444,0,0,0.00653066,0.00605544,0.010671,0.0104475,0.00454933,0.00795977,0.00332175,0.00568746,0.0103375,0.00824214,0.0108015,0.00992836,0.0146847,0.0108284,0.00929807,0.00725085,0,0.00315575,0
80,0.0146909,0.0159082,0.00634125,0.013257,0.00583504,0,0.00839855,0.00628721,0.0071386,0.00402348,0.0130255,0.0125561,0,0,0.0138623,0.0202223,0.0185467,0.00308316,0.015752,0.00537747,0.0181431,0.0118101,0.0118917,0.0023621,0.0059829,0.0191411,0,0.0122284,0.0057477,0.00354968,0.00379892,0,0,0.00654058,0.00602599,0.0107798,0.0103472,0.00542802,0.00765734,0.00334367,0.00629591,0.00996526,0.00756786,0.00969271,0.0101122,0.0139568,0.0104595,0.00835807,0.00765073,0,0.00347844,0
81,0.0146497,0.0162438,0.00653804,0.0134879,0.0058416,0,0.00844075,0.00653652,0.00725501,0.00413204,0.0129751,0.0125857,0,0,0.0141516,0.0203432,0.0185843,0.00264554,0.0150198,0.00494502,0.0177539,0.0121055,0.0120846,0.00235895,0.00604349,0.0189984,0,0.0123194,0.00583602,0.00352328,0.00386591,0,0,0.00650478,0.00594762,0.0108394,0.0103644,0.00619912,0.00743504,0.00342422,0.00671364,0.00944946,0.00687177,0.00853643,0.0100999,0.0132008,0.00998156,0.00733967,0.00806194,0,0.0039124,0
82,0.0146042,0.01658,0.00682422,0.0137122,0.00587984,0,0.00850809,0.00675005,0.00741062,0.00423645,0.0129286,0.0126545,0,0,0.0144883,0.0205181,0.0186366,0.00220842,0.014364,0.00466534,0.0174901,0.0125055,0.0122852,0.002373,0.00610648,0.0188709,0,0.0124032,0.00590821,0.00349217,0.00393377,0,0,0.00643785,0.00583933,0.0108543,0.0104762,0.00683617,0.00735159,0.00354507,0.00700056,0.00889725,0.00631928,0.00748051,0.0099654,0.0124285,0.00940102,0.00631818,0.00845687,0,0.00432553,0
83,0.0145465,0.0168966,0.00714043,0.0139052,0.00592734,0,0.00858649,0.00690971,0.00757588,0.00432517,0.0128962,0.0127468,0,0,0.0148484,0.0206886,0.0186385,0.00180326,0.0137981,0.00458498,0.0173231,0.0129704,0.0124698,0.00240576,0.00617927,0.0187611,0,0.0124696,0.0059547,0.00346167,0.00398308,0,0,0.00635267,0.00572251,0.0108408,0.0106307,0.00732071,0.00740935,0.00366209,0.00720285,0.00834481,0.00599984,0.00662576,0.00971138,0.0116464,0.00876477,0.00537331,0.00882552,0,0.00467065,0
84,0.014472,0.0171609,0.00743176,0.0140484,0.00596345,0,0.00866488,0.00700957,0.00772387,0.00439038,0.0128844,0.0128396,0,0,0.0152129,0.020811,0.0185555,0.00152132,0.0133351,0.00472482,0.017221,0.0134555,0.0126172,0.00245297,0.0062691,0.0186614,0,0.0125157,0.00596908,0.00343649,0.00400195,0,0,0.00626247,0.00561681,0.0108043,0.0107814,0.00763984,0.00755455,0.00374083,0.00735428,0.00780157,0.00588085,0.00600474,0.00933793,0.0108724,0.00817134,0.00458413,0.00917054,0,0.00492186,0
85,0.0143817,0.0173386,0.00766175,0.0141303,0.00597288,0,0.0087336,0.00705581,0.00783632,0.00442697,0.0128907,0.0129058,0,0,0.0155735,0.0208678,0.0183869,0.00152478,0.0129877,0.00507704,0.0171574,0.0139217,0.0127114,0.00250918,0.00638034,0.0185614,0,0.0125426,0.00594884,0.00342154,0.00398962,0,0,0.00617784,0.00553684,0.0107438,0.0109014,0.00779787,0.00770326,0.00376399,0.00747619,0.00726549,0.00585896,0.005585,0.00886223,0.0101372,0.007738,0.00400129,0.00949145,0,0.00506819,0
86,0.0142802,0.0174104,0.00781951,0.0141464,0.00595195,0,0.00878312,0.00706466,0.00790675,0.00443173,0.0129025,0.012921,0,0,0.0159344,0.0208672,0.0181568,0.00189489,0.0127655,0.00561544,0.0171174,0.0143485,0.012745,0.00257472,0.00651402,0.0184553,0,0.0125537,0.00589787,0.00342207,0.00395433,0,0,0.00610388,0.00548912,0.0106587,0.0109844,0.00781908,0.00777789,0.00372845,0.007579,0.00673737,0.0058516,0.00530994,0.00832403,0.00947955,0.00755061,0.00362594,0.00976999,0,0.00511619,0
87,0.0141724,0.0173828,0.00791829,0.0140983,0.00591368,0,0.00880485,0.00705707,0.00793926,0.00440513,0.0129019,0.0128699,0,0,0.0163104,0.0208337,0.0178985,0.00253557,0.0126677,0.00630867,0.0170976,0.0147404,0.0127192,0.00265886,0.00666829,0.0183433,0,0.0125543,0.00582769,0.00344221,0.00390752,0,0,0.00603882,0.00547048,0.0105518,0.011037,0.00773601,0.00773193,0.00363789,0.00766297,0.00623018,0.00582953,0.0051393,0.00777746,0.00893252,0.00762378,0.00341192,0.00996558,0,0.00508352,0
88,0.0140498,0.0173374,0.00797189,0.01379,0.00583724,0,0.00879886,0.00705168,0.00774213,0.00432837,0.0128893,0.0127511,0,0,0.017029,0.0208562,0.0175005,0.00381547,0.0123875,0.00779119,0.0167631,0.0152377,0.0125221,0.00274037,0.00684073,0.018261,0,0.0125418,0.00576502,0.00348249,0.00386185,0,0,0.00598721,0.00546375,0.0104295,0.011085,0.00754739,0.00755003,0.00351481,0.00773571,0.00581742,0.00582362,0.00506946,0.00733327,0.00850255,0.00789464,0.00330831,0.00999703,0,0.00495434,0
89,0.0139438,0.0171736,0.00803869,0.0137249,0.00588926,0,0.00874579,0.00705724,0.00781655,0.00427596,0.0128145,0.0125755,0,0,0.0173509,0.0208129,0.0173003,0.00451797,0.012588,0.00843042,0.0169367,0.0155867,0.0124592,0.00292206,0.00701197,0.0181324,0,0.0125531,0.00569438,0.00354067,0.00381666,0,0,0.00590731,0.0054693,0.0103,0.0110788,0.00733745,0.00726746,0.0032889,0.00772942,0.00541682,0.00574339,0.0050424,0.00687188,0.00818881,0.00826758,0.0032055,0.00988645,0,0.00482325,0
90,0.0138319,0.0170144,0.00811445,0.0135713,0.00601397,0,0.00865948,0.00707287,0.00783392,0.00422756,0.0127256,0.0123654,0,0,0.0178116,0.0208304,0.0170537,0.00541823,0.0127212,0.00931946,0.0170351,0.0160224,0.012343,0.00309498,0.00717261,0.0180096,0,0.0125661,0.00565097,0.0036104,0.00378611,0,0,0.00582675,0.00546122,0.01016,0.0110474,0.00704053,0.00690035,0.00300845,0.00767471,0.00518771,0.00564777,0.00505324,0.00656675,0.007981,0.00862655,0.00312487,0.0095813,0,0.00460839,0
91,0.0137274,0.0168634,0.00819754,0.0133563,0.00623397,0,0.00853649,0.00709065,0.00781624,0.00420813,0.0126278,0.0121447,0,0,0.0183828,0.0209134,0.0167467,0.00646118,0.0128068,0.0103906,0.017097,0.0165545,0.0121954,0.00324969,0.00729744,0.0178883,0,0.0125939,0.00562649,0.00368946,0.00377803,0,0,0.00573586,0.00543687,0.0100124,0.0109728,0.00666078,0.00648008,0.0026604,0.00754099,0.00512941,0.0054776,0.0050267,0.00639848,0.00786083,0.00888424,0.00303815,0.00911013,0,0.00431961,0
92,0.0136404,0.0167234,0.00827852,0.0130946,0.00654098,0,0.00837754,0.00709901,0.00777139,0.00423664,0.0125372,0.0119301,0,0,0.0190407,0.0210598,0.0163712,0.00761212,0.0128816,0.0116039,0.0171475,0.0171811,0.0120298,0.00335221,0.00736505,0.0177665,0,0.0126404,0.00561251,0.00378103,0.00380215,0,0,0.00563714,0.00539873,0.00985145,0.0108491,0.00619083,0.00603115,0.00226965,0.00732275,0.00523741,0.00520093,0.00490559,0.00637164,0.00783872,0.0089846,0.00295268,0.00854524,0,0.00395136,0
93,0.0135788,0.0165961,0.00834542,0.0127956,0.00690687,0,0.00818665,0.00708774,0.00769657,0.00431807,0.0124621,0.0117255,0,0,0.0197523,0.0212532,0.0159413,0.00883747,0.0129956,0.0129297,0.0171997,0.0178774,0.0118511,0.00338285,0.00736475,0.0176478,0,0.0127073,0.00559877,0.00389299,0.00386616,0,0,0.00553501,0.0053539,0.00967123,0.0106835,0.00562609,0.00557499,0.0018839,0.007032,0.00549365,0.00483031,0.00469006,0.00649264,0.00794002,0.00891264,0.00289497,0.00799018,0,0.0035003,0
94,0.0135465,0.0164824,0.00839289,0.0124642,0.00729452,0,0.00797236,0.00705243,0.00758085,0.00443778,0.0123958,0.0115214,0,0,0.0204703,0.0214586,0.015489,0.0100979,0.0131886,0.0143435,0.0172482,0.01859,0.0116541,0.00334545,0.00730029,0.0175403,0,0.0127946,0.00557582,0.00403249,0.00397286,0,0,0.00543342,0.00531109,0.0094685,0.0104951,0.00496875,0.00513152,0.00156191,0.00669922,0.005885,0.00446537,0.00450238,0.00676796,0.00819862,0.00870254,0.00291347,0.00757312,0,0.00297817,0
95,0.0135377,0.0164087,0.00843937,0.012022,0.0076373,0,0.00774904,0.00699478,0.00733152,0.0045585,0.012322,0.0112992,0,0,0.0212193,0.0216195,0.014996,0.0115082,0.0134571,0.0160544,0.0171814,0.0192583,0.0113717,0.00324829,0.00718633,0.01746,0,0.0128925,0.0055404,0.00419717,0.00411863,0,0,0.00534609,0.00527623,0.00922055,0.0103264,0.00422029,0.00472449,0.00137331,0.00638675,0.00647779,0.00437071,0.00464981,0.00728393,0.00869236,0.00843146,0.00308546,0.00746075,0,0.00237958,0
96,0.0135569,0.0163192,0.00848791,0.0115641,0.00793765,0,0.00752528,0.00692594,0.00702688,0.00464636,0.0121995,0.0110276,0,0,0.0218286,0.0216828,0.01454,0.0128219,0.0138702,0.0177485,0.0171169,0.0197795,0.0110548,0.0031398,0.00703755,0.0174103,0,0.0130103,0.00548254,0.00438243,0.00429147,0,0,0.00525592,0.00525922,0.0089707,0.0101573,0.00344315,0.00437632,0.00135897,0.00613682,0.00716741,0.00479582,0.00547704,0.00788748,0.00940541,0.00823885,0.00345973,0.00776586,0,0.0019439,0
97,0.0135909,0.0162141,0.00856991,0.0110731,0.00815433,0,0.00731432,0.00685132,0.00664279,0.00467002,0.0120058,0.0106797,0,0,0.022266,0.0216052,0.0141059,0.0140354,0.0144295,0.0194504,0.0170395,0.0200937,0.0106831,0.0030235,0.00686699,0.0173948,0,0.0131348,0.00540913,0.00457075,0.0044762,0,0,0.00517333,0.00525954,0.00870329,0.0100062,0.00269799,0.00412694,0.00155189,0.00604874,0.00800136,0.00593807,0.00707528,0.0086193,0.0104027,0.00824282,0.00409408,0.00859949,0,0.0018799,0
98,0.0136309,0.016074,0.00869509,0.0105383,0.00827709,0,0.00712458,0.00677354,0.00617105,0.0046195,0.0117244,0.0102368,0,0,0.0225135,0.021371,0.0136908,0.0151493,0.0151613,0.0211649,0.0169858,0.0201753,0.0102515,0.00291164,0.00668268,0.0174147,0,0.0132596,0.00532916,0.00474558,0.00465781,0,0,0.00509869,0.00527387,0.00842363,0.00987588,0.00211816,0.00403507,0.00191046,0.00619192,0.00895741,0.00770485,0.00926424,0.00943967,0.0116931,0.00854019,0.0050162,0.00998478,0,0.00228322,0
99,0.0136774,0.0159546,0.00890177,0.00875026,0.00814215,0,0.00696132,0.00669051,0.00458475,0.00448366,0.011362,0.00970942,0,0,0.0233752,0.0208613,0.0132364,0.0180773,0.0172426,0.0257814,0.0169133,0.020147,0.00903835,0.00281677,0.00649195,0.0175584,0,0.0133668,0.00525344,0.00488835,0.00481272,0,0,0.00504709,0.00530068,0.0081223,0.00987801,0.00196622,0.00422457,0.00232115,0.00649711,0.0101165,0.00988111,0.0118395,0.0104409,0.0133211,0.00920298,0.00626413,0.0119858,0,0.00294403,0
100,0.0137245,0.015653,0.00906285,0.00855053,0.00822739,0,0.00682314,0.00660985,0.00437763,0.0043486,0.010917,0.00908742,0,0,0.022933,0.020459,0.0131016,0.0182803,0.0180488,0.0264006,0.0173595,0.0198012,0.00878998,0.00277955,0.00629359,0.0175903,0,0.0134899,0.0051903,0.00502013,0.00497585,0,0,0.0049758,0.00532735,0.00785091,0.00976561,0.00202696,0.00454867,0.00286294,0.00718415,0.0109779,0.0123142,0.014497,0.0110511,0.0149912,0.0100851,0.00774041,0.0142411,0,0.00370568,0
101,0.0137805,0.0153245,0.00923377,0.0081602,0.00828176,0,0.00671188,0.00653186,0.00401845,0.0041992,0.0104303,0.0084245,0,0,0.0225086,0.0200255,0.0130759,0.0187132,0.0191213,0.02743,0.017972,0.019398,0.00843216,0.00280533,0.00609567,0.0176639,0,0.0136074,0.00514812,0.00513403,0.00513725,0,0,0.00491874,0.00535342,0.00757266,0.00972633,0.00235917,0.00511331,0.00339117,0.00801317,0.011798,0.0147891,0.017117,0.0115941,0.0169011,0.0112454,0.00948574,0.0169164,0,0.00442987,0
102,0.0138523,0.0149742,0.00941953,0.00751991,0.00833629,0,0.00662521,0.00646395,0.00352805,0.00405656,0.00993388,0.00775893,0,0,0.0221518,0.0196384,0.0132979,0.0194497,0.0205599,0.0289742,0.0189071,0.0190189,0.00794222,0.00289417,0.00590157,0.0177736,0,0.0137277,0.00512724,0.00524366,0.0053111,0,0,0.00487063,0.00537803,0.00728748,0.00975508,0.00281589,0.00585093,0.00390543,0.00890804,0.0124481,0.0171169,0.0195126,0.0119319,0.0190165,0.01261,0.0114207,0.0199178,0,0.00511512,0
103,0.0139366,0.0146002,0.00961112,0.00687197,0.00842772,0,0.00656716,0.00642003,0.00314702,0.00392999,0.00945395,0.00711899,0,0,0.0217989,0.0194026,0.0137757,0.0201846,0.0220951,0.0305263,0.0201044,0.0187336,0.00746497,0.00302564,0.00571189,0.0178885,0,0.0138742,0.00513247,0.00537042,0.00552764,0,0,0.00480934,0.00539634,0.00699516,0.00979924,0.0031985,0.00659364,0.00443404,0.00995835,0.0126372,0.0191426,0.0214547,0.011734,0.0210744,0.013885,0.0133447,0.0229441,0,0.0057398,0
104,0.0140258,0.014247,0.00982731,0.00625729,0.00854493,0,0.00654741,0.00640945,0.00291481,0.00382409,0.00900955,0.00652428,0,0,0.0214903,0.0193612,0.0144719,0.020904,0.0236714,0.0320338,0.0214795,0.0185847,0.00701871,0.00316397,0.00552659,0.0180033,0,0.0140595,0.00517136,0.00552542,0.00581197,0,0,0.00472997,0.00540029,0.00667035,0.0098431,0.00353292,0.00729685,0.00497231,0.0111139,0.0123606,0.0207611,0.022835,0.0110088,0.0230475,0.0149994,0.0151436,0.0258852,0,0.00630324,0
105,0.014109,0.0139405,0.0100681,0.00581878,0.00867295,0,0.00658277,0.00644145,0.00281102,0.00374027,0.00860963,0.00598417,0,0,0.0212482,0.0195199,0.0152362,0.0215029,0.0251158,0.0332824,0.0228264,0.0185816,0.00667504,0.00328311,0.00534241,0.0180981,0,0.0143035,0.00525745,0.00572449,0.00619457,0,0,0.00461672,0.00538373,0.00629997,0.00985737,0.00375897,0.00787037,0.00549943,0.0124549,0.0115059,0.0219588,0.0235732,0.0096395,0.0246817,0.0157178,0.0166439,0.0284668,0,0.00676994,0
106,0.0141822,0.0137102,0.0103621,0.00539423,0.00878298,0,0.00668727,0.00651035,0.00272098,0.00370117,0.00825856,0.00550639,0,0,0.0211516,0.0198583,0.0161172,0.0221834,0.0266295,0.0345954,0.0242298,0.0187293,0.00634716,0.0033618,0.00515663,0.0181713,0,0.0146048,0.0053949,0.00596792,0.00668553,0,0,0.00448153,0.00534475,0.00585922,0.00986282,0.0039703,0.0083644,0.00597071,0.0138915,0.0102706,0.0228354,0.0238059,0.00786416,0.0260501,0.0161335,0.0178535,0.0307165,0,0.00715162,0
107,0.0142706,0.0135081,0.0106045,0.00506175,0.00891897,0,0.00686826,0.00661831,0.00260294,0.00360172,0.00791665,0.00511705,0,0,0.0211718,0.0202678,0.0166725,0.0226965,0.0278409,0.0355367,0.0253957,0.0189907,0.00641629,0.0034187,0.00498199,0.018325,0,0.0149906,0.00559399,0.00631612,0.0073032,0,0,0.00424008,0.00530276,0.00557453,0.00982128,0.00397157,0.00868604,0.00632023,0.0155885,0.00849347,0.0235228,0.023598,0.00554134,0.0267611,0.0158969,0.0186035,0.0323683,0,0.00739791,0
108,0.0142996,0.0135263,0.0108737,0.00503197,0.00899019,0,0.00711821,0.00672789,0.0032943,0.00438156,0.00757809,0.0048334,0,0,0.0213897,0.0205804,0.0164722,0.0231693,0.0290108,0.0364911,0.0264992,0.0193954,0.0077272,0.00343219,0.00484573,0.0183591,0,0.0154507,0.00581237,0.00673055,0.00804935,0,0,0.00395314,0.00524876,0.00505786,0.00976941,0.00384552,0.00899275,0.00665793,0.0173352,0.00656176,0.0241898,0.0233112,0.00326111,0.0271199,0.0153427,0.0189007,0.0335579,0,0.00759077,0
109,0.0143564,0.0134762,0.0112977,0.00589149,0.00904796,0,0.00742909,0.00685669,0.00444428,0.00577995,0.00737483,0.00459477,0,0,0.0218026,0.0209016,0.0163791,0.0237183,0.0302615,0.0375455,0.0275484,0.0199532,0.00902344,0.00338995,0.00462213,0.018303,0,0.0159218,0.00604857,0.00712302,0.00885866,0,0,0.00375575,0.00517709,0.00447183,0.00981862,0.00387924,0.0090869,0.00690078,0.0192806,0.00483133,0.0251862,0.0232129,0.00237617,0.0270366,0.0145122,0.0192679,0.0343615,0,0.00748986,0
110,0.0144092,0.013419,0.0120475,0.00611847,0.00889381,0,0.0078094,0.0070028,0.00435496,0.00671734,0.00716362,0.00465565,0,0,0.0227593,0.0223457,0.0180003,0.0255991,0.0327284,0.0399709,0.029931,0.0211815,0.00942561,0.00341372,0.00431931,0.0178067,0,0.0163505,0.00627983,0.00703888,0.0098713,0,0,0.0043255,0.00499992,0.00341646,0.0100488,0.00355988,0.00836646,0.00722803,0.0217792,0.00273464,0.026191,0.0227349,0.00467546,0.0247214,0.0120432,0.0189875,0.0329769,0,0.00672873,0
111,0.0145309,0.0134139,0.012348,0.00745559,0.00909198,0,0.00813916,0.007087,0.00582249,0.00820977,0.00711049,0.00440646,0,0,0.0231736,0.0216815,0.0169872,0.0254383,0.0334022,0.0406401,0.0300301,0.021444,0.0107246,0.00324862,0.00411165,0.017887,0,0.0168961,0.00643539,0.00784074,0.0105717,0,0,0.00355216,0.00500099,0.00310092,0.0101738,0.00329798,0.00836424,0.00752787,0.0235135,0.00221095,0.0274668,0.02325,0.00631961,0.0242931,0.011122,0.0193707,0.0336311,0,0.00643659,0
112,0.0146747,0.0133994,0.0128443,0.00660556,0.00915774,0,0.00848743,0.0071914,0.00503494,0.00740494,0.00705204,0.00441487,0,0,0.0239213,0.0221009,0.0176021,0.0259216,0.0342333,0.041404,0.0305436,0.022081,0.00977064,0.00316393,0.0038595,0.0177777,0,0.0173937,0.00658452,0.00829794,0.0113706,0,0,0.00328182,0.0049595,0.00259104,0.0104848,0.00316296,0.00805045,0.007884,0.0250866,0.00252092,0.0286947,0.0238402,0.00792351,0.0233077,0.00991683,0.0197394,0.0337555,0,0.00594138,0
113,0.0148278,0.0133976,0.0133588,0.00526896,0.00923092,0,0.00881049,0.00727765,0.0037202,0.00616195,0.00701944,0.00453419,0,0,0.0247425,0.0225383,0.0184128,0.0263741,0.0350237,0.042185,0.0310106,0.0226777,0.00827533,0.00310877,0.00360989,0.0176452,0,0.0178512,0.00670391,0.00866695,0.0121056,0,0,0.00312537,0.00491025,0.00208034,0.0108723,0.00308562,0.00760271,0.00822226,0.0262801,0.003157,0.0296914,0.0243858,0.00919671,0.0221507,0.0087858,0.0201601,0.0336775,0,0.00545451,0
114,0.0149714,0.0134061,0.0138622,0.00426201,0.00931919,0,0.0090806,0.00734372,0.0025969,0.00509643,0.00700387,0.00475459,0,0,0.0255862,0.0229802,0.0194092,0.026768,0.0357417,0.0429517,0.0314131,0.0231956,0.00651101,0.00309063,0.00338376,0.0175321,0,0.0182606,0.00680807,0.00899279,0.0127393,0,0,0.00299547,0.00487835,0.00162029,0.0112832,0.00309899,0.00711689,0.00845655,0.0269324,0.00363814,0.0303054,0.0247353,0.00998573,0.02105,0.00792205,0.0205713,0.0334971,0,0.00510316,0
115,0.0151001,0.0133923,0.0144619,0.00454537,0.00942429,0,0.00930458,0.00738785,0.00259082,0.00526826,0.00710377,0.00500982,0,0,0.0263741,0.0229983,0.0194093,0.0266964,0.0362053,0.0434194,0.031522,0.0236016,0.0059888,0.003025,0.00314357,0.0173721,0,0.0185485,0.0068994,0.00910854,0.013241,0,0,0.00317522,0.00479222,0.00110362,0.0117115,0.00312108,0.00671181,0.00836618,0.0269652,0.003813,0.0304264,0.024752,0.0102767,0.0199423,0.00723417,0.0207589,0.0330267,0,0.00500326,0
116,0.0151266,0.0134588,0.0148947,0.00519567,0.00955195,0,0.00944073,0.00742962,0.002174,0.00537089,0.00715556,0.00538692,0,0,0.0269732,0.0229034,0.0184186,0.0257927,0.0355844,0.0425745,0.0307382,0.0239077,0.00653676,0.0030268,0.00298624,0.0172935,0,0.0188354,0.00701946,0.00931147,0.0136578,0,0,0.00317979,0.00477495,0.000798599,0.0119596,0.00321354,0.00656648,0.00810036,0.0263003,0.00340547,0.0300949,0.0245279,0.00973801,0.019563,0.00714656,0.020785,0.0328697,0,0.00524594,0
117,0.0150718,0.013485,0.0152603,0.00626724,0.00972402,0,0.0094991,0.00748179,0.00231005,0.00541762,0.00724225,0.00580599,0,0,0.0272658,0.0228674,0.0173533,0.0241471,0.0342398,0.0407061,0.0293243,0.0241289,0.00737766,0.0030228,0.00286411,0.0171591,0,0.0190686,0.00716349,0.00949496,0.0139671,0,0,0.00315076,0.0047748,0.000759022,0.0120227,0.00357287,0.00668301,0.00754603,0.0250415,0.00257823,0.0292917,0.0239919,0.00851885,0.019586,0.00736335,0.020449,0.0326473,0,0.00582745,0
118,0.0149479,0.013417,0.0155781,0.00748103,0.00994256,0,0.00949214,0.00754341,0.00344035,0.00542202,0.00737965,0.00622992,0,0,0.0272314,0.0229663,0.01676,0.0219915,0.0326615,0.0383134,0.0277696,0.0243191,0.00840104,0.00298814,0.00278323,0.0168286,0,0.019247,0.00731669,0.00962934,0.0141741,0,0,0.00311807,0.00477017,0.00105918,0.0118868,0.00431935,0.00681261,0.00678305,0.0235291,0.00178039,0.0279887,0.0229345,0.00715832,0.019216,0.00753042,0.0195894,0.0315787,0,0.00655261,0
119,0.0147856,0.0132156,0.0158373,0.00866774,0.0102121,0,0.00943617,0.00761142,0.00506768,0.00538448,0.00757899,0.00664931,0,0,0.0268968,0.0231858,0.0169007,0.0195485,0.0312052,0.035817,0.0264595,0.0244903,0.00952616,0.00291346,0.00274999,0.0162222,0,0.0193804,0.00746263,0.00970931,0.01429,0,0,0.00307249,0.00475015,0.00163379,0.0115663,0.00535034,0.00686797,0.0060819,0.0220869,0.00147825,0.0263193,0.0214155,0.0059895,0.0181428,0.00746012,0.0181838,0.0294312,0,0.00726607,0
120,0.0146373,0.0127876,0.0159956,0.0101175,0.0106266,0,0.00935135,0.00766639,0.00720644,0.00530129,0.00784055,0.00706149,0,0,0.0260253,0.0235345,0.0178606,0.0164301,0.0296961,0.03267,0.0254815,0.0246189,0.0109622,0.00280713,0.00277712,0.0152915,0,0.0194682,0.00757294,0.00972397,0.0143146,0,0,0.00301365,0.00471279,0.00241524,0.0110613,0.00647463,0.00689889,0.00585011,0.0208861,0.00186913,0.024493,0.0196975,0.00507299,0.0165312,0.00722734,0.016353,0.0264446,0,0.00787526,0
121,0.0145373,0.0121736,0.0160392,0.0118067,0.0111848,0,0.00925851,0.00769056,0.00972782,0.00519369,0.00815936,0.00746786,0,0,0.0243342,0.0237322,0.019529,0.0126417,0.0285438,0.029203,0.025223,0.0245798,0.0126746,0.00268727,0.00287894,0.0140474,0,0.0195173,0.00763074,0.00967737,0.0142593,0,0,0.002952,0.00466922,0.00337016,0.0104432,0.00745573,0.00693905,0.0062409,0.0200362,0.00249965,0.022732,0.018068,0.00444254,0.014551,0.00701429,0.0143821,0.0229442,0,0.00829929,0
122,0.0144872,0.0117856,0.0159899,0.0117869,0.0115584,0,0.00915826,0.00766161,0.0103876,0.00501676,0.00853797,0.00788508,0,0,0.0241268,0.0237876,0.020185,0.0116496,0.0284761,0.0291897,0.0251734,0.0245609,0.0132828,0.00257403,0.00307171,0.0130743,0,0.0195166,0.00761678,0.00956221,0.0141044,0,0,0.00290066,0.00463483,0.00437664,0.0100585,0.00890668,0.00765434,0.00718566,0.0189493,0.00415229,0.0214043,0.017522,0.00281228,0.0141956,0.00655549,0.0124595,0.0214244,0,0.00899131,0
123,0.0145227,0.0112054,0.0157493,0.0125749,0.012153,0,0.00907407,0.00757587,0.0118282,0.00486941,0.00892131,0.00823548,0,0,0.0226263,0.0236127,0.0212644,0.0093664,0.028073,0.0276304,0.0252899,0.0242618,0.014438,0.00250818,0.00336416,0.0119569,0,0.0194484,0.00753268,0.00937228,0.0138416,0,0,0.00289483,0.00463182,0.00533033,0.00961594,0.0099734,0.00824922,0.00798597,0.0180502,0.00573126,0.0203516,0.0174843,0.0019065,0.0140067,0.00599797,0.0106144,0.0201358,0,0.00946074,0
124,0.0146058,0.0107074,0.015348,0.0129526,0.0126845,0,0.00899583,0.00744659,0.0126963,0.00471684,0.0092866,0.00851345,0,0,0.0212865,0.0232795,0.0218551,0.00788059,0.0276669,0.0266577,0.0251666,0.023782,0.0152559,0.00251213,0.00375132,0.0110676,0,0.0193071,0.00739531,0.00911521,0.0134572,0,0,0.00294139,0.00467966,0.00612438,0.00928664,0.0108258,0.0088236,0.00850597,0.0171501,0.00744102,0.0197113,0.0181839,0.00257666,0.014576,0.00545709,0.00896742,0.0198556,0,0.00982446,0
125,0.0147246,0.0101803,0.0147939,0.0133181,0.0132037,0,0.0089157,0.00729068,0.0133788,0.00456185,0.00960396,0.00869902,0,0,0.0195444,0.0226356,0.0221267,0.00679344,0.0271088,0.0255396,0.0248627,0.023046,0.0159259,0.00258882,0.00421142,0.0104006,0,0.0190789,0.00722452,0.00879172,0.0129381,0,0,0.00305672,0.00479076,0.00669337,0.00898504,0.0113532,0.00920356,0.00858696,0.0161682,0.0091279,0.0194416,0.0194057,0.00426975,0.0157879,0.00531323,0.00752612,0.0203489,0,0.0100183,0
126,0.0148409,0.0096521,0.0141304,0.0134311,0.0136182,0,0.00882546,0.00712708,0.0136977,0.00437406,0.00986098,0.00880276,0,0,0.0177621,0.0217636,0.0219369,0.00629681,0.0262645,0.0244112,0.0241728,0.0220562,0.0162677,0.00272013,0.00470744,0.0100099,0,0.0187721,0.00704443,0.00842725,0.0123009,0,0,0.00323882,0.00496911,0.00704135,0.00869458,0.0115111,0.00930111,0.00826076,0.0151389,0.0105865,0.019518,0.0208715,0.00595417,0.0172927,0.0057507,0.0066077,0.0213244,0,0.0100152,0
127,0.0149456,0.00902718,0.013402,0.0133736,0.0139846,0,0.00871901,0.00696365,0.0138122,0.00416862,0.010046,0.00882692,0,0,0.0157569,0.0205516,0.0213233,0.00623639,0.0251598,0.0230899,0.0231862,0.0208088,0.0162963,0.00288145,0.00519697,0.00984996,0,0.0183942,0.00687008,0.00805705,0.0115713,0,0,0.00347429,0.00521005,0.00719074,0.00836967,0.0113615,0.00911812,0.00758739,0.0140307,0.0118005,0.019855,0.0223605,0.00739467,0.0189422,0.00673329,0.00656924,0.0225848,0,0.00986174,0
128,0.0150252,0.00830977,0.0126744,0.0130038,0.0142985,0,0.00859756,0.00679721,0.0137114,0.00398824,0.0101523,0.0087601,0,0,0.0136844,0.0190485,0.0202982,0.00636406,0.0237817,0.0215964,0.0218862,0.0193416,0.0159292,0.00304973,0.0056457,0.00986625,0,0.0179665,0.00670512,0.0077321,0.0107971,0,0,0.00374276,0.00550262,0.0072328,0.00802706,0.0109948,0.00871684,0.00671379,0.0129477,0.0127304,0.0203561,0.0236726,0.00845788,0.0204951,0.0079435,0.00754124,0.0238901,0,0.0096226,0
129,0.0150857,0.00752099,0.0119957,0.0122436,0.0145756,0,0.00846764,0.00662116,0.0134176,0.00391819,0.0101764,0.00858428,0,0,0.0115938,0.0172891,0.0189384,0.00650189,0.0221944,0.019955,0.0203537,0.0177248,0.0151334,0.00321277,0.00603871,0.00998398,0,0.017514,0.0065452,0.00750253,0.0100341,0,0,0.0040241,0.00583439,0.00725379,0.00770799,0.0105445,0.00820925,0.00580117,0.0120025,0.0134143,0.0208795,0.0246672,0.00916343,0.0218324,0.00911929,0.00901873,0.0250753,0,0.00937917,0
130,0.0151433,0.00672416,0.0113899,0.0110666,0.0148136,0,0.00834109,0.00643272,0.0129362,0.00403963,0.0101241,0.00829641,0,0,0.00953302,0.015337,0.0173524,0.00660054,0.0204963,0.0182415,0.0187094,0.0160625,0.0139181,0.00336966,0.00638221,0.0101185,0,0.017065,0.00638271,0.00739979,0.00933899,0,0,0.00430126,0.00619255,0.00732349,0.00746343,0.0101392,0.00770995,0.00499428,0.011298,0.0138875,0.0212662,0.0252395,0.0095726,0.0228732,0.0100655,0.0103942,0.0260088,0,0.00919533,0
131,0.0152149,0.00601414,0.010854,0.00953512,0.0149902,0,0.00823506,0.00623759,0.0122712,0.00436786,0.010015,0.00791965,0,0,0.00759891,0.01329,0.0156555,0.00664325,0.0187867,0.0165547,0.0170828,0.0144752,0.0123612,0.00352554,0.00669592,0.010186,0,0.0166501,0.00621355,0.00742272,0.008763,0,0,0.00455862,0.00656136,0.00748473,0.00732139,0.00986838,0.00730096,0.00438852,0.0108922,0.0141365,0.0213826,0.0253202,0.00971756,0.0235486,0.0106492,0.0112809,0.02659,0,0.00910318,0
132,0.0153078,0.00549502,0.0103593,0.00779077,0.0150929,0,0.008169,0.00605318,0.0114461,0.00482961,0.00987159,0.00749893,0,0,0.00600254,0.0112746,0.013942,0.00653141,0.017134,0.0149693,0.0155773,0.0130622,0.0106337,0.00371564,0.00700072,0.0101242,0,0.0163017,0.00604431,0.00753586,0.00834986,0,0,0.00478589,0.00691575,0.00774536,0.00726235,0.00973848,0.00699889,0.00400989,0.0108309,0.0140504,0.0211714,0.024873,0.0095219,0.0237486,0.0107331,0.0115335,0.0267268,0,0.00909197,0
133,0.0154192,0.00520165,0.00992967,0.00622607,0.0150813,0,0.00816243,0.00588574,0.0105684,0.0052915,0.00974708,0.00708381,0,0,0.00478816,0.00931622,0.0122707,0.00638486,0.015622,0.0135445,0.0142665,0.0118705,0.00894029,0.00384805,0.00730555,0.00988476,0,0.0160353,0.00588486,0.00770355,0.00810399,0,0,0.00495303,0.00724478,0.00814962,0.00726339,0.00983707,0.00687806,0.00386221,0.0108786,0.0137936,0.020643,0.0240504,0.00922336,0.0237196,0.0106137,0.0112858,0.0265858,0,0.00918993,0
134,0.015538,0.00516772,0.00954341,0.00495451,0.0150069,0,0.00822282,0.00576392,0.00969,0.00558358,0.00963841,0.0067195,0,0,0.00422232,0.00752302,0.0106521,0.00599151,0.0142453,0.0122564,0.0131355,0.0108551,0.00751949,0.0040069,0.00760733,0.00949706,0,0.0158695,0.00576351,0.00787628,0.00803702,0,0,0.00506779,0.00751267,0.00865833,0.00727785,0.010057,0.00687015,0.00389437,0.0110883,0.0132517,0.0199368,0.0229643,0.00869284,0.023358,0.0101628,0.010736,0.0261421,0,0.00934391,0
135,0.0156549,0.00534266,0.00925517,0.00409629,0.0148974,0,0.00834665,0.00569569,0.00888197,0.00559635,0.0095567,0.00643167,0,0,0.00416009,0.00589925,0.0090777,0.00541614,0.0130406,0.011114,0.0121605,0.00993521,0.00648267,0.00415765,0.00789005,0.00900349,0,0.0157981,0.00569952,0.00803299,0.00812004,0,0,0.00512074,0.00770515,0.00927105,0.00731623,0.0103698,0.00695988,0.00406467,0.0113619,0.0125798,0.0192303,0.0218669,0.00807094,0.0227977,0.00951988,0.0101623,0.0254936,0,0.00953923,0
136,0.0157626,0.00565874,0.0091169,0.00356363,0.0147904,0,0.00851663,0.00568228,0.00816285,0.0053335,0.00949627,0.00622893,0,0,0.00437302,0.00447147,0.00754987,0.00472367,0.0120517,0.0101539,0.0113282,0.00904869,0.00580046,0.00429106,0.00813453,0.00848316,0,0.0158027,0.00570338,0.00816317,0.00831298,0,0,0.00511306,0.00780945,0.009949,0.00742248,0.0107352,0.00711878,0.00432392,0.0116516,0.0119583,0.0186965,0.0210027,0.00748117,0.0221405,0.00878086,0.00977923,0.0247004,0,0.00975976,0
137,0.0158535,0.0060212,0.00917098,0.00324215,0.0147051,0,0.00870491,0.00571307,0.00753158,0.00490397,0.00944849,0.0061024,0,0,0.00466286,0.00328874,0.00612475,0.00407617,0.0113318,0.00942438,0.0106614,0.00820347,0.00532464,0.00440613,0.00832639,0.00799616,0,0.015857,0.00577091,0.00826306,0.00856979,0,0,0.00504897,0.00781953,0.0106609,0.00765631,0.0110744,0.00728456,0.00461139,0.0119963,0.0114842,0.0184708,0.0205242,0.00693486,0.0213469,0.00789798,0.00966952,0.0237222,0,0.0099671,0
138,0.0159274,0.00642022,0.00936315,0.00290398,0.0146737,0,0.00887723,0.00577157,0.00696238,0.00446413,0.00941557,0.00604736,0,0,0.00495262,0.00248009,0.00492039,0.00352832,0.0109446,0.00896538,0.0102122,0.00745298,0.00490238,0.00448356,0.00846119,0.00764054,0,0.01593,0.00589031,0.0083355,0.00884029,0,0,0.00492774,0.00773999,0.0112885,0.00807069,0.0114171,0.0074738,0.00488283,0.012279,0.0113896,0.0185754,0.0205675,0.00663868,0.0206295,0.00710704,0.00981683,0.0227728,0,0.0101876,0
139,0.0159873,0.00679718,0.0096378,0.00254105,0.0146884,0,0.00899978,0.00582619,0.0064644,0.00414289,0.00939767,0.00604131,0,0,0.00518716,0.00223302,0.00412757,0.00324765,0.01092,0.00876556,0.0100277,0.00689555,0.00439406,0.00452364,0.00854348,0.0074455,0,0.0159969,0.00603834,0.00838196,0.0090838,0,0,0.00475761,0.00758272,0.0117952,0.00870257,0.0117246,0.00765222,0.00508806,0.0125046,0.0116818,0.0190123,0.0211278,0.0066297,0.0199736,0.00641572,0.0101096,0.0219237,0,0.0104062,0
140,0.0160621,0.0071815,0.00990851,0.00226263,0.0147726,0,0.0090462,0.00582455,0.00604821,0.00403258,0.00938989,0.00605334,0,0,0.00541924,0.00269189,0.00393992,0.00330051,0.0112891,0.00882933,0.0101457,0.00662654,0.0037388,0.00453118,0.00858284,0.00744583,0,0.0160411,0.00617619,0.0084061,0.00926894,0,0,0.00454778,0.00736968,0.012143,0.00955196,0.0119713,0.00779202,0.00518687,0.0126834,0.0122913,0.0197547,0.0221392,0.0069294,0.019377,0.00585628,0.010448,0.02125,0,0.0106137,0
141,0.0162242,0.00775717,0.0100799,0.00235806,0.0150101,0,0.0090353,0.00566354,0.00571269,0.00419319,0.0093628,0.00601978,0,0,0.00584357,0.0037637,0.00439333,0.00370428,0.012173,0.0092766,0.0106541,0.00676065,0.00293172,0.00452478,0.00858624,0.00775895,0,0.0160541,0.00621934,0.0084113,0.00937049,0,0,0.00431826,0.00713526,0.0123072,0.0105121,0.0121411,0.00786934,0.00515008,0.0128353,0.0131101,0.0207561,0.0234924,0.00750632,0.0189043,0.00553472,0.0107822,0.0208434,0,0.0108052,0
142,0.0166146,0.00921035,0.00998149,0.00304637,0.0157093,0,0.00925108,0.00513728,0.00542581,0.00465308,0.0092274,0.00579963,0,0,0.00688728,0.00532479,0.00531621,0.00444422,0.014126,0.0106055,0.0119548,0.00758604,0.00200906,0.00452457,0.00855313,0.008945,0,0.01603,0.00596204,0.00839433,0.00933351,0,0,0.00413508,0.00693315,0.0123113,0.0111411,0.0122422,0.00787344,0.00494137,0.0129271,0.0140978,0.0219552,0.0250842,0.00836121,0.0189743,0.00585727,0.0111195,0.0210921,0,0.0110012,0
