time,pelvis_tilt_gold,pelvis_tilt_rec,pelvis_list_gold,pelvis_list_rec,pelvis_rotation_gold,pelvis_rotation_rec,pelvis_tx_gold,pelvis_tx_rec,pelvis_ty_gold,pelvis_ty_rec,pelvis_tz_gold,pelvis_tz_rec,hip_flexion_r_gold,hip_flexion_r_rec,hip_adduction_r_gold,hip_adduction_r_rec,hip_rotation_r_gold,hip_rotation_r_rec,knee_angle_r_gold,knee_angle_r_rec,ankle_angle_r_gold,ankle_angle_r_rec,subtalar_angle_r_gold,subtalar_angle_r_rec,mtp_angle_r_gold,mtp_angle_r_rec,hip_flexion_l_gold,hip_flexion_l_rec,hip_adduction_l_gold,hip_adduction_l_rec,hip_rotation_l_gold,hip_rotation_l_rec,knee_angle_l_gold,knee_angle_l_rec,ankle_angle_l_gold,ankle_angle_l_rec,subtalar_angle_l_gold,subtalar_angle_l_rec,mtp_angle_l_gold,mtp_angle_l_rec,lumbar_extension_gold,lumbar_extension_rec,lumbar_bending_gold,lumbar_bending_rec,lumbar_rotation_gold,lumbar_rotation_rec,arm_flex_r_gold,arm_flex_r_rec,arm_add_r_gold,arm_add_r_rec,arm_rot_r_gold,arm_rot_r_rec,elbow_flex_r_gold,elbow_flex_r_rec,pro_sup_r_gold,pro_sup_r_rec,arm_flex_l_gold,arm_flex_l_rec,arm_add_l_gold,arm_add_l_rec,arm_rot_l_gold,arm_rot_l_rec,elbow_flex_l_gold,elbow_flex_l_rec,pro_sup_l_gold,pro_sup_l_rec
0.99,-0.0444445,-0.0968237,0.0711949,0.0665463,0.0547194,0.0542519,-0.767597,-0.784624,1.40884,1.40337,-0.569612,-0.570434,0.0838221,0.176791,-0.0136802,-0.0326716,-0.017866,0.0580752,0.685854,0.734165,-0.255714,-0.268817,-0.284346,-0.391355,-0.06846,-0.00454865,0.413015,0.513467,0.0429942,0.0146531,-0.046055,0.00854919,0.765529,0.833868,-0.160567,-0.156404,-0.127731,-0.187595,-0.06846,-0.00454865,-0.093611,-0.042304,0.0300852,0.0359444,-0.281699,-0.270252,1.03435,0.965736,-0.349762,-0.341227,0.420183,0.411451,1.86115,2.03256,1.94621,1.97928,0.0165591,0.0239213,-0.783337,-0.72118,-0.467329,-0.430556,2.08092,2.18472,1.64167,1.73166
1,-0.0361482,-0.0873899,0.0694867,0.066048,0.0541911,0.0541408,-0.755738,-0.772579,1.41385,1.40841,-0.569676,-0.570534,0.0851817,0.177089,-0.0171425,-0.0377022,-0.0400651,0.0367906,0.684429,0.732939,-0.239132,-0.256246,-0.294518,-0.40753,-0.069622,-0.00454865,0.399066,0.498443,0.0382571,0.011261,-0.0559476,-0.000588564,0.72924,0.798617,-0.174354,-0.168443,-0.114327,-0.173371,-0.069622,-0.00454865,-0.0958415,-0.0455834,0.0292355,0.0339559,-0.280537,-0.269282,1.0164,0.948589,-0.362399,-0.352664,0.416617,0.409013,1.88936,2.05764,1.94826,1.98114,-0.0173047,-0.00539557,-0.797287,-0.734826,-0.487591,-0.446333,2.08541,2.18793,1.64249,1.73353
1.01,-0.0317987,-0.0819829,0.0631129,0.0594402,0.0557765,0.0557499,-0.743901,-0.760599,1.4177,1.41236,-0.569765,-0.57066,0.0873116,0.178411,-0.0135473,-0.0344408,-0.0616824,0.0161692,0.670622,0.719538,-0.210291,-0.233771,-0.311565,-0.435044,-0.0699882,-0.00454865,0.390203,0.488532,0.0296638,0.00280388,-0.061972,-0.00508102,0.693662,0.763628,-0.183642,-0.176483,-0.102543,-0.161094,-0.0699882,-0.00454865,-0.0919897,-0.0427769,0.033953,0.039165,-0.278878,-0.267592,0.996632,0.929744,-0.378012,-0.367353,0.418576,0.411818,1.91298,2.07802,1.9499,1.98296,-0.0471851,-0.0312794,-0.809064,-0.74587,-0.498727,-0.454068,2.08104,2.18251,1.64199,1.73427
1.02,-0.0218116,-0.070398,0.0595233,0.0561479,0.058075,0.0584706,-0.732055,-0.748633,1.42096,1.41576,-0.569691,-0.570624,0.0821166,0.171914,-0.0126515,-0.034579,-0.0849798,-0.00623593,0.650371,0.699846,-0.170331,-0.197811,-0.310501,-0.442612,-0.0753941,-0.00454865,0.372535,0.469283,0.0242983,-0.00180692,-0.0658924,-0.00757277,0.651837,0.722538,-0.197022,-0.187712,-0.0868602,-0.144134,-0.0753941,-0.00454865,-0.102273,-0.0545541,0.0369508,0.0423936,-0.312597,-0.301433,0.995996,0.929579,-0.360875,-0.35097,0.438349,0.433376,1.91737,2.08114,1.9484,1.98289,-0.158339,-0.127902,-0.81655,-0.754494,-0.609251,-0.550524,2.11269,2.21063,1.64377,1.73774
1.03,-0.0151963,-0.0624218,0.0526071,0.048388,0.0613962,0.061847,-0.720242,-0.736737,1.42323,1.41823,-0.569431,-0.570411,0.0772551,0.166084,-0.00627514,-0.0282409,-0.106294,-0.0261931,0.615457,0.665787,-0.160209,-0.193255,-0.321546,-0.463215,-0.0759883,-0.00454865,0.358808,0.454206,0.0154957,-0.0109466,-0.0682549,-0.0078911,0.609332,0.680432,-0.20917,-0.197598,-0.0669317,-0.122585,-0.0759883,-0.00454865,-0.103805,-0.0575775,0.0410705,0.047809,-0.31143,-0.300241,0.972422,0.907088,-0.383704,-0.372563,0.441332,0.437221,1.94444,2.10433,1.94999,1.98504,-0.187127,-0.151959,-0.828782,-0.765887,-0.62249,-0.559422,2.11095,2.20803,1.64325,1.73866
1.04,-0.00316505,-0.0481711,0.0459373,0.0408671,0.0631041,0.0634253,-0.708427,-0.724818,1.4249,1.42016,-0.569038,-0.57008,0.0649055,0.151772,0.000815694,-0.0211577,-0.126987,-0.0450613,0.572163,0.623309,-0.166786,-0.205443,-0.333603,-0.484319,-0.0790239,-0.00454865,0.33769,0.430861,0.00537113,-0.0218162,-0.0758704,-0.0132182,0.564415,0.635982,-0.21182,-0.197918,-0.0404503,-0.0953735,-0.0790239,-0.00454865,-0.11393,-0.0701294,0.0454279,0.0537704,-0.323399,-0.311836,0.958539,0.893714,-0.393218,-0.381847,0.453937,0.450332,1.95591,2.11333,1.94705,1.98405,-0.249116,-0.204888,-0.835161,-0.772545,-0.675057,-0.603549,2.12003,2.21528,1.64156,1.73915
1.05,0.00434211,-0.0392883,0.0406918,0.0354576,0.0639925,0.0644618,-0.697011,-0.713362,1.42514,1.42061,-0.568964,-0.57006,0.0610027,0.146724,0.00555548,-0.0170577,-0.145316,-0.0617861,0.533112,0.58488,-0.165418,-0.206658,-0.329784,-0.486217,-0.0835321,-0.00454865,0.321583,0.413371,-0.000933323,-0.0282118,-0.0801099,-0.0152579,0.518134,0.590065,-0.22447,-0.208928,-0.0269504,-0.0817039,-0.0835321,-0.00454865,-0.120651,-0.0783856,0.0484983,0.0576045,-0.336729,-0.325161,0.947558,0.88304,-0.402029,-0.390189,0.472058,0.468926,1.9652,2.12004,1.94137,1.98068,-0.317463,-0.263975,-0.83799,-0.776649,-0.734658,-0.654582,2.13022,2.22368,1.63584,1.73557
1.06,0.0112986,-0.0313793,0.0372237,0.0324693,0.0625098,0.0631094,-0.685847,-0.702195,1.42433,1.41998,-0.568912,-0.570053,0.0608978,0.145773,0.00859693,-0.0151014,-0.158476,-0.0733253,0.497581,0.549695,-0.166169,-0.208997,-0.323334,-0.483871,-0.0870271,-0.00454865,0.305602,0.396443,-0.00509645,-0.032143,-0.0848074,-0.0179022,0.470723,0.543049,-0.237948,-0.221216,-0.0189443,-0.0744375,-0.0870271,-0.00454865,-0.12729,-0.0862533,0.0488701,0.0579748,-0.342201,-0.330522,0.932413,0.867982,-0.414873,-0.402225,0.482945,0.479767,1.97458,2.12695,1.93712,1.97838,-0.371421,-0.310388,-0.842121,-0.78209,-0.779344,-0.692328,2.13577,2.22802,1.62899,1.73043
1.07,0.0168348,-0.0251554,0.0333539,0.0290858,0.059189,0.0597075,-0.67483,-0.691194,1.42244,1.41824,-0.56876,-0.569939,0.0643328,0.148545,0.0123206,-0.0122764,-0.167911,-0.0811644,0.46358,0.51586,-0.170803,-0.213812,-0.312219,-0.47494,-0.0907036,-0.00454865,0.291309,0.381417,-0.0100472,-0.0371359,-0.0903141,-0.0213103,0.423537,0.496076,-0.250434,-0.232446,-0.00789284,-0.0641836,-0.0907036,-0.00454865,-0.133422,-0.0933389,0.0494417,0.0585837,-0.348696,-0.336784,0.91885,0.854425,-0.426493,-0.413045,0.49824,0.494943,1.98068,2.13059,1.93334,1.97663,-0.431969,-0.363164,-0.841577,-0.783615,-0.830976,-0.736832,2.14371,2.23459,1.6219,1.72488
1.08,0.0204703,-0.021246,0.0294884,0.0255932,0.0548103,0.0550139,-0.663872,-0.680289,1.41948,1.41541,-0.568578,-0.569778,0.0700932,0.153993,0.0167221,-0.00850227,-0.171496,-0.083161,0.428343,0.480606,-0.183037,-0.224761,-0.296688,-0.459451,-0.0939054,-0.00454865,0.279607,0.369381,-0.0150411,-0.0425149,-0.0957694,-0.0247707,0.377196,0.449786,-0.261926,-0.242507,0.00718758,-0.0497507,-0.0939054,-0.00454865,-0.138051,-0.0985251,0.0495893,0.0588495,-0.352979,-0.340736,0.905259,0.840789,-0.442895,-0.428331,0.515088,0.511533,1.98641,2.1337,1.93242,1.9766,-0.489341,-0.41371,-0.838809,-0.783113,-0.880082,-0.779699,2.15096,2.24086,1.61737,1.71998
1.09,0.0185829,-0.0240088,0.0257354,0.0221895,0.0494618,0.0492311,-0.652937,-0.669476,1.41513,1.41112,-0.568278,-0.56948,0.0834288,0.168203,0.021431,-0.00418503,-0.168134,-0.0784461,0.395041,0.447163,-0.199081,-0.237683,-0.274669,-0.434874,-0.0942352,-0.00454865,0.27443,0.365073,-0.0192748,-0.0472316,-0.0971089,-0.024379,0.332487,0.404979,-0.269798,-0.249272,0.0206291,-0.0373808,-0.0942352,-0.00454865,-0.134383,-0.094269,0.0490792,0.0582489,-0.343663,-0.330934,0.882618,0.818117,-0.470385,-0.453973,0.524253,0.52,1.99847,2.14229,1.93244,1.97842,-0.5178,-0.438191,-0.844028,-0.789198,-0.893976,-0.790236,2.14819,2.23756,1.61601,1.71936
1.1,0.0241744,-0.0183315,0.0237231,0.0209706,0.0435522,0.0429054,-0.641902,-0.658522,1.41022,1.40629,-0.567702,-0.568883,0.0890677,0.173585,0.0245443,-0.00185245,-0.165434,-0.0743408,0.362314,0.41415,-0.219366,-0.254205,-0.249976,-0.406597,-0.0969577,-0.00454865,0.259829,0.350184,-0.0228236,-0.0511736,-0.10083,-0.0265766,0.285415,0.357645,-0.28091,-0.258873,0.0365343,-0.0223151,-0.0969577,-0.00454865,-0.144063,-0.104338,0.0460738,0.0550539,-0.360383,-0.347452,0.878611,0.813876,-0.472999,-0.456011,0.54944,0.544838,1.9909,2.13313,1.93319,1.98121,-0.606263,-0.518529,-0.826134,-0.776185,-0.979421,-0.868432,2.16654,2.25419,1.60968,1.71504
1.11,0.0264676,-0.0164019,0.0213164,0.0192703,0.0372983,0.0362404,-0.631006,-0.647734,1.4042,1.40033,-0.567178,-0.568337,0.0984201,0.183153,0.0276016,0.00054989,-0.161046,-0.0687366,0.329111,0.380638,-0.239973,-0.269599,-0.217499,-0.368917,-0.0980124,-0.00454865,0.249406,0.339873,-0.0262618,-0.0551415,-0.101158,-0.025625,0.239721,0.311443,-0.287202,-0.264143,0.0489116,-0.0114347,-0.0980124,-0.00454865,-0.147776,-0.108044,0.0431359,0.0517318,-0.355583,-0.342362,0.858736,0.793905,-0.495635,-0.476789,0.560134,0.554798,1.99761,2.13675,1.93305,1.9825,-0.64754,-0.555554,-0.823866,-0.776105,-1.01146,-0.896675,2.17165,2.25864,1.6065,1.71226
1.12,0.0265068,-0.0170021,0.0185001,0.0169662,0.031251,0.0297204,-0.620236,-0.637074,1.39692,1.39309,-0.566788,-0.567923,0.109194,0.194384,0.0308397,0.00327116,-0.155444,-0.0620336,0.293552,0.344649,-0.258662,-0.28252,-0.179969,-0.325847,-0.0994888,-0.00454865,0.242211,0.333001,-0.0299864,-0.0596723,-0.100332,-0.0237921,0.196182,0.267184,-0.285847,-0.262453,0.0573614,-0.00547139,-0.0994888,-0.00454865,-0.149661,-0.109535,0.0413305,0.0497663,-0.35854,-0.345331,0.849441,0.784383,-0.513345,-0.49294,0.581102,0.575111,1.99736,2.13393,1.9327,1.98362,-0.70155,-0.605865,-0.81075,-0.766169,-1.05863,-0.940862,2.18064,2.26675,1.60335,1.70965
1.13,0.0267373,-0.0171021,0.015093,0.01375,0.0254225,0.0233192,-0.609449,-0.626355,1.38858,1.3848,-0.566381,-0.567496,0.11893,0.204172,0.0344925,0.00665617,-0.151114,-0.0568243,0.256955,0.30754,-0.274718,-0.292199,-0.136768,-0.276764,-0.10148,-0.00454865,0.236236,0.326929,-0.0350537,-0.065967,-0.101341,-0.0240729,0.156267,0.226408,-0.281272,-0.257565,0.0674748,0.0023267,-0.10148,-0.00454865,-0.152221,-0.111952,0.0403584,0.0490017,-0.363064,-0.350002,0.841995,0.776816,-0.533308,-0.51118,0.607646,0.601122,1.99728,2.1309,1.93246,1.98477,-0.75685,-0.658451,-0.791947,-0.750701,-1.10764,-0.988014,2.19049,2.27572,1.60174,1.70847
1.14,0.0272837,-0.0165868,0.0117944,0.0105921,0.0200758,0.0173999,-0.59864,-0.615579,1.37928,1.37556,-0.565781,-0.566877,0.12835,0.213259,0.0379101,0.0097522,-0.148436,-0.0534791,0.22131,0.271335,-0.291194,-0.302759,-0.0945801,-0.229104,-0.101993,-0.00454865,0.230346,0.32051,-0.040408,-0.0726486,-0.103078,-0.0254828,0.11813,0.187258,-0.276916,-0.252765,0.0786473,0.0116603,-0.101993,-0.00454865,-0.154242,-0.114137,0.0388306,0.0476075,-0.354951,-0.342047,0.822381,0.75744,-0.566395,-0.541454,0.622227,0.615443,2.00921,2.13869,1.9331,1.98619,-0.789987,-0.689606,-0.787284,-0.747565,-1.13157,-1.01022,2.19594,2.2808,1.60158,1.70837
1.15,0.0289668,-0.0140475,0.0102868,0.00982645,0.0156369,0.0128995,-0.587881,-0.604708,1.36891,1.36527,-0.565239,-0.566317,0.139009,0.222657,0.0369066,0.00771916,-0.159424,-0.0639038,0.192947,0.242727,-0.290877,-0.294421,-0.0306816,-0.158327,-0.103634,-0.00454865,0.224541,0.312984,-0.0441195,-0.0769598,-0.107681,-0.0302515,0.0834786,0.151406,-0.268438,-0.24307,0.0978967,0.0301668,-0.103634,-0.00454865,-0.158284,-0.119012,0.0349587,0.0432667,-0.360085,-0.348374,0.814779,0.749874,-0.590228,-0.562853,0.649469,0.642498,2.0112,2.1372,1.93173,1.98593,-0.846038,-0.74425,-0.767475,-0.730931,-1.17816,-1.05611,2.20626,2.29046,1.60096,1.70813
1.16,0.029562,-0.0136004,0.00857976,0.00855919,0.0107154,0.00751632,-0.577226,-0.594046,1.35751,1.35389,-0.56468,-0.565742,0.149213,0.232596,0.0383251,0.00844202,-0.156756,-0.0609011,0.161901,0.211099,-0.310215,-0.30971,0.00170668,-0.121767,-0.103255,-0.00454865,0.220286,0.308239,-0.0478094,-0.081575,-0.108641,-0.0317997,0.0510148,0.117835,-0.265759,-0.240019,0.106491,0.0377436,-0.103255,-0.00454865,-0.160069,-0.120714,0.0313921,0.0394084,-0.351729,-0.340747,0.795044,0.730614,-0.628538,-0.597636,0.663149,0.656648,2.02515,2.14695,1.94629,1.99579,-0.881229,-0.778342,-0.761519,-0.726259,-1.20038,-1.07738,2.21026,2.29473,1.60726,1.71016
1.17,0.0326001,-0.00857395,0.00797026,0.00852204,0.00885021,0.0056718,-0.566396,-0.582952,1.34513,1.34163,-0.564426,-0.565484,0.157606,0.238346,0.0356957,0.00453676,-0.176214,-0.0799816,0.136056,0.185064,-0.31248,-0.305703,0.0583007,-0.0599904,-0.103797,-0.00454865,0.217429,0.302322,-0.0509796,-0.0852747,-0.122572,-0.046259,0.0278345,0.0936561,-0.257832,-0.23055,0.130613,0.0622879,-0.103797,-0.00454865,-0.165424,-0.127914,0.0260474,0.0337298,-0.35582,-0.346599,0.779601,0.71633,-0.659464,-0.625163,0.677102,0.671786,2.03734,2.15501,1.94781,1.99744,-0.934933,-0.831451,-0.741686,-0.708823,-1.24233,-1.11911,2.22201,2.30599,1.61003,1.71333
1.18,0.0339196,-0.00585096,0.00712396,0.00781901,0.00815011,0.00458459,-0.555547,-0.571847,1.33153,1.32812,-0.56431,-0.565355,0.166564,0.245132,0.0345402,0.00251178,-0.187625,-0.0912213,0.110283,0.158776,-0.324818,-0.314821,0.0885027,-0.0269041,-0.10621,-0.00454865,0.220473,0.303154,-0.054742,-0.0898873,-0.143054,-0.0669454,0.014757,0.0802384,-0.256255,-0.227632,0.154351,0.0866325,-0.10621,-0.00454865,-0.167131,-0.130798,0.0215599,0.0292461,-0.358623,-0.350951,0.764124,0.702328,-0.696266,-0.658158,0.69461,0.690738,2.05634,2.16866,1.91741,1.97328,-0.982779,-0.879385,-0.721672,-0.690386,-1.27497,-1.15208,2.23343,2.31663,1.60004,1.70497
1.19,0.0360061,-0.00200024,0.00675897,0.00757481,0.00908227,0.00516246,-0.544447,-0.560456,1.31697,1.31367,-0.564472,-0.565513,0.173454,0.24938,0.0325805,-0.000455286,-0.199508,-0.103153,0.0864831,0.134351,-0.336339,-0.324429,0.107794,-0.00594599,-0.108285,-0.00454865,0.225228,0.305376,-0.0577671,-0.0935279,-0.167276,-0.0911258,0.00998962,0.0754327,-0.2644,-0.234562,0.174435,0.107761,-0.108285,-0.00454865,-0.168232,-0.13345,0.0167556,0.024396,-0.360563,-0.354559,0.741528,0.681953,-0.737686,-0.695313,0.702804,0.701212,2.08034,2.18711,1.89498,1.95538,-1.02576,-0.922802,-0.701236,-0.671075,-1.30154,-1.17914,2.24649,2.32858,1.58786,1.69554
1.2,0.0395314,0.00306108,0.00650626,0.00748771,0.0104342,0.00623987,-0.533026,-0.548781,1.30151,1.29828,-0.564908,-0.56596,0.177258,0.250811,0.0306483,-0.00345902,-0.207835,-0.111823,0.0647273,0.111885,-0.347033,-0.334498,0.115391,0.00218574,-0.108708,-0.00454865,0.227855,0.305821,-0.0600179,-0.0960931,-0.187348,-0.1111,0.00874993,0.0741765,-0.284149,-0.253552,0.184456,0.119064,-0.108708,-0.00454865,-0.169176,-0.135783,0.0129137,0.0203087,-0.361367,-0.357284,0.717935,0.660965,-0.784413,-0.737247,0.708625,0.710243,2.10766,2.20903,1.89639,1.95528,-1.06448,-0.962481,-0.679059,-0.649556,-1.32193,-1.20068,2.25786,2.3392,1.58845,1.69527
1.21,0.0458176,0.0112708,0.00749317,0.00906632,0.0126422,0.00850831,-0.521122,-0.536592,1.28529,1.28213,-0.565377,-0.56643,0.178898,0.249791,0.0261185,-0.00940337,-0.221415,-0.125523,0.0514792,0.0981851,-0.346888,-0.333811,0.124182,0.0109242,-0.113164,-0.00454865,0.226229,0.30159,-0.0610239,-0.0967325,-0.20498,-0.128684,0.0097953,0.0751308,-0.308398,-0.276882,0.192611,0.129097,-0.113164,-0.00454865,-0.173164,-0.141637,0.00643324,0.0131041,-0.355345,-0.353448,0.661844,0.610397,-0.835516,-0.78271,0.672703,0.680447,2.14332,2.23942,1.92065,1.97338,-1.10009,-0.998526,-0.662814,-0.63381,-1.33679,-1.21533,2.27454,2.35454,1.58479,1.69253
1.22,0.0542777,0.0208878,0.00794145,0.0101576,0.0173039,0.0139545,-0.508951,-0.524196,1.26826,1.26505,-0.566089,-0.567152,0.179602,0.249033,0.0200259,-0.0170078,-0.240788,-0.144783,0.0477815,0.0947824,-0.344133,-0.330272,0.135724,0.0224719,-0.115319,-0.00454865,0.221569,0.295349,-0.0616889,-0.0961743,-0.206288,-0.129674,0.0137056,0.0785835,-0.337225,-0.305756,0.183836,0.122046,-0.115319,-0.00454865,-0.178154,-0.147779,0.00131619,0.00704042,-0.352708,-0.353849,0.600957,0.556295,-0.888597,-0.829983,0.636682,0.651392,2.18218,2.27176,1.89613,1.95517,-1.13511,-1.03468,-0.640487,-0.612022,-1.35014,-1.22932,2.29338,2.3716,1.57521,1.68528
1.23,0.0644869,0.0318501,0.00800703,0.0107651,0.0226481,0.020175,-0.496505,-0.511556,1.25047,1.24715,-0.566925,-0.567999,0.179156,0.247751,0.0134712,-0.0247975,-0.259996,-0.163558,0.051617,0.0992343,-0.346385,-0.332317,0.140405,0.0270984,-0.116644,-0.00454865,0.215884,0.288743,-0.0629544,-0.0959823,-0.203439,-0.126177,0.0238175,0.0884168,-0.365684,-0.334618,0.169472,0.109254,-0.116644,-0.00454865,-0.184605,-0.15509,-0.00212007,0.00255234,-0.338639,-0.342566,0.498699,0.466101,-0.948567,-0.883786,0.555926,0.583238,2.2299,2.31299,1.90542,1.96345,-1.15691,-1.05736,-0.630241,-0.601516,-1.3493,-1.2282,2.31063,2.38756,1.58169,1.69085
1.24,0.0760826,0.0439087,0.0078446,0.0108162,0.02919,0.0274345,-0.483985,-0.498825,1.23182,1.2283,-0.567918,-0.569008,0.17706,0.245191,0.00691781,-0.0321698,-0.277815,-0.180694,0.060176,0.108534,-0.35935,-0.346242,0.131658,0.0180171,-0.118177,-0.00454865,0.212641,0.285157,-0.0656311,-0.0972699,-0.204547,-0.126127,0.0449703,0.109846,-0.390411,-0.35958,0.158741,0.100277,-0.118177,-0.00454865,-0.192775,-0.163894,-0.00424323,-0.000359766,-0.319518,-0.325534,0.353056,0.339855,-1.00453,-0.934852,0.430356,0.477355,2.28264,2.35908,1.90658,1.96698,-1.17331,-1.07438,-0.623191,-0.594213,-1.34238,-1.22038,2.32883,2.4042,1.58733,1.69693
1.25,0.0885662,0.0561407,0.00741567,0.0102077,0.0370769,0.0359051,-0.471538,-0.486191,1.21222,1.2084,-0.569049,-0.570164,0.174144,0.242725,0.000656628,-0.0387481,-0.291399,-0.193489,0.0737955,0.123028,-0.379882,-0.368963,0.10842,-0.00588523,-0.12003,-0.00454865,0.212693,0.285967,-0.0695449,-0.0998002,-0.20579,-0.125927,0.0771201,0.142751,-0.413009,-0.382202,0.150579,0.0945173,-0.12003,-0.00454865,-0.202473,-0.173559,-0.00455781,-0.00111085,-0.29495,-0.302354,0.151567,0.168239,-1.04634,-0.974771,0.246072,0.322974,2.33888,2.40865,1.90748,1.97271,-1.18299,-1.08433,-0.621567,-0.592166,-1.32859,-1.20549,2.34502,2.41851,1.5987,1.7129
1.26,0.101897,0.0685341,0.00674304,0.00917892,0.0447635,0.044072,-0.45932,-0.473813,1.1917,1.18746,-0.570134,-0.57127,0.172867,0.242895,-0.00600543,-0.0451464,-0.302737,-0.203634,0.0973725,0.147666,-0.397483,-0.389191,0.0822566,-0.032805,-0.122038,-0.00454865,0.21467,0.289634,-0.074175,-0.102877,-0.202826,-0.121803,0.117697,0.184191,-0.434527,-0.403391,0.146197,0.0937832,-0.122038,-0.00454865,-0.214111,-0.184576,-0.00347687,-0.000275495,-0.263239,-0.270539,-0.102883,-0.0512537,-1.05874,-0.990453,0.0069702,0.118417,2.3947,2.45869,1.91212,1.98078,-1.1839,-1.0848,-0.625121,-0.596209,-1.30668,-1.18129,2.36044,2.43211,1.6148,1.73018
1.27,0.115645,0.0802164,0.00642347,0.00854111,0.0508113,0.0503144,-0.447589,-0.462007,1.17014,1.16529,-0.571131,-0.572259,0.175839,0.248858,-0.0133524,-0.0515114,-0.304365,-0.203801,0.134338,0.185678,-0.412987,-0.408324,0.0480009,-0.0676925,-0.124177,-0.00454865,0.219498,0.297596,-0.0781635,-0.105024,-0.192453,-0.111089,0.167817,0.235289,-0.453742,-0.422781,0.13451,0.086158,-0.124177,-0.00454865,-0.227409,-0.196175,-0.00133841,0.0015539,-0.228301,-0.233853,-0.357934,-0.280457,-1.03261,-0.971967,-0.239327,-0.102796,2.44727,2.50666,1.91958,1.99265,-1.17771,-1.07793,-0.626804,-0.599686,-1.27662,-1.14898,2.37403,2.44322,1.62381,1.73889
1.28,0.131095,0.0926903,0.00626573,0.00806272,0.0550269,0.0545609,-0.436372,-0.450804,1.14761,1.14197,-0.57204,-0.573115,0.182197,0.259479,-0.0209969,-0.0574236,-0.294127,-0.192812,0.183136,0.235626,-0.436625,-0.434451,0.0146729,-0.0978649,-0.125304,-0.00454865,0.225814,0.308163,-0.0810536,-0.105952,-0.1712,-0.0906666,0.224799,0.293191,-0.473336,-0.443245,0.108788,0.0650181,-0.125304,-0.00454865,-0.242624,-0.208612,0.00136443,0.00397389,-0.199755,-0.203479,-0.548153,-0.4598,-0.97982,-0.927317,-0.424122,-0.278028,2.48682,2.54264,1.93062,2.00516,-1.17139,-1.07217,-0.614334,-0.589494,-1.24719,-1.11975,2.38635,2.45224,1.6303,1.74525
1.29,0.146734,0.104381,0.00656859,0.00800917,0.0587115,0.0580738,-0.425867,-0.440421,1.12421,1.1176,-0.57284,-0.573793,0.193191,0.275816,-0.0276388,-0.0616755,-0.26577,-0.165238,0.240988,0.294337,-0.464255,-0.463092,-0.0172575,-0.12267,-0.126141,-0.00454865,0.236591,0.324217,-0.0807313,-0.103639,-0.13695,-0.0588266,0.287731,0.356824,-0.491867,-0.463058,0.0720644,0.0334949,-0.126141,-0.00454865,-0.258829,-0.220842,0.00368697,0.00604498,-0.180959,-0.182823,-0.667631,-0.578905,-0.916372,-0.870214,-0.540941,-0.396652,2.51348,2.56662,1.93901,2.01324,-1.16591,-1.06853,-0.585993,-0.563975,-1.21982,-1.0953,2.39551,2.45759,1.6362,1.74976
1.3,0.159496,0.113127,0.00599332,0.00682438,0.0608577,0.0597503,-0.4163,-0.430921,1.09983,1.09216,-0.573275,-0.574039,0.214975,0.302641,-0.0307027,-0.0613815,-0.224318,-0.127156,0.322847,0.375989,-0.430563,-0.431404,-0.0506495,-0.152584,-0.126801,-0.00454865,0.255921,0.34872,-0.0792073,-0.100802,-0.0999642,-0.0260094,0.365768,0.435418,-0.46293,-0.437041,0.0312394,-0.00581854,-0.126801,-0.00454865,-0.273668,-0.231119,0.00576835,0.00813091,-0.168521,-0.168695,-0.733747,-0.64945,-0.850693,-0.809319,-0.607392,-0.470564,2.52843,2.57969,1.94201,2.01404,-1.15988,-1.06585,-0.545591,-0.526405,-1.19173,-1.07271,2.40163,2.45959,1.63863,1.74992
1.31,0.17106,0.122587,0.0062864,0.00671748,0.0610068,0.0595462,-0.407284,-0.421646,1.0741,1.06544,-0.57344,-0.574004,0.246916,0.336752,-0.0333157,-0.0606797,-0.188003,-0.0972298,0.444819,0.495976,-0.265672,-0.270779,-0.0744022,-0.183315,-0.127459,-0.00454865,0.28111,0.376562,-0.0776855,-0.098811,-0.0767578,-0.00837477,0.472033,0.542021,-0.321163,-0.302315,-0.00476507,-0.0512501,-0.127459,-0.00454865,-0.288768,-0.242868,0.00538375,0.00767168,-0.161786,-0.161023,-0.76226,-0.684164,-0.789478,-0.751797,-0.636655,-0.509236,2.5352,2.58498,1.92181,1.99191,-1.15525,-1.06609,-0.495909,-0.4794,-1.1656,-1.05385,2.40736,2.46114,1.62644,1.73548
1.32,0.182413,0.133315,0.00755079,0.00746019,0.0582796,0.0563331,-0.398687,-0.412677,1.04739,1.0379,-0.573272,-0.573749,0.280579,0.370376,-0.032166,-0.0568238,-0.155742,-0.071643,0.579998,0.627952,-0.051792,-0.0624168,-0.108445,-0.229363,-0.128255,-0.00454865,0.306957,0.402968,-0.0768698,-0.0986747,-0.065706,-0.00208331,0.593394,0.662907,-0.113481,-0.105309,-0.0407604,-0.105392,-0.128255,-0.00454865,-0.304749,-0.256718,0.00421649,0.00688194,-0.149259,-0.147223,-0.7802,-0.708952,-0.723602,-0.689559,-0.663758,-0.5469,2.53487,2.58437,1.96332,2.02416,-1.14297,-1.0582,-0.453459,-0.438928,-1.13018,-1.02589,2.40205,2.45267,1.64692,1.74983
1.33,0.188757,0.139694,0.0061062,0.00443769,0.0552534,0.0522903,-0.39138,-0.405151,1.0215,1.01139,-0.572656,-0.573149,0.311713,0.400862,-0.0225559,-0.0443522,-0.129742,-0.0504682,0.688301,0.733664,0.113634,0.0997853,-0.143964,-0.273381,-0.128794,-0.00454865,0.336661,0.4322,-0.0803119,-0.104147,-0.0601799,0.00115719,0.703359,0.771283,0.0673063,0.0668231,-0.0575752,-0.137371,-0.128794,-0.00454865,-0.316188,-0.26658,0.00334707,0.00802408,-0.146353,-0.142692,-0.760002,-0.696341,-0.668983,-0.637647,-0.647018,-0.543204,2.51884,2.56856,1.96888,2.0216,-1.12803,-1.04719,-0.401833,-0.388715,-1.09085,-0.994786,2.39044,2.43732,1.65834,1.75613
1.34,0.176291,0.127128,-0.00162035,-0.00596993,0.0528562,0.0481976,-0.386101,-0.399907,0.997429,0.986946,-0.571695,-0.572248,0.357494,0.446325,-0.00285353,-0.0211898,-0.110494,-0.0344001,0.766163,0.809835,0.209481,0.190905,-0.197899,-0.335403,-0.129033,-0.00454865,0.386138,0.481289,-0.0891499,-0.116042,-0.0561318,0.00525753,0.792927,0.858486,0.186401,0.178888,-0.0761187,-0.166383,-0.129033,-0.00454865,-0.308997,-0.257487,0.00933586,0.0174356,-0.141125,-0.13441,-0.720575,-0.666437,-0.608292,-0.57946,-0.611757,-0.524988,2.48925,2.54012,1.94277,1.98786,-1.08908,-1.01254,-0.354295,-0.341944,-1.02901,-0.9424,2.36554,2.40838,1.64063,1.73475
1.35,0.145466,0.09555,-0.0124478,-0.019058,0.0512847,0.0447439,-0.382501,-0.396543,0.97568,0.964882,-0.570813,-0.571373,0.429454,0.518479,0.0209632,0.00561718,-0.0888055,-0.0156416,0.842685,0.884565,0.255385,0.231407,-0.260721,-0.403882,-0.129223,-0.00454865,0.456009,0.551435,-0.0962275,-0.125611,-0.0449107,0.0172662,0.870188,0.933025,0.256228,0.242009,-0.110672,-0.208629,-0.129223,-0.00454865,-0.282618,-0.228521,0.0194533,0.0305185,-0.136714,-0.126692,-0.665162,-0.621646,-0.544343,-0.517703,-0.566981,-0.49948,2.43742,2.49169,1.92051,1.95717,-1.03259,-0.961856,-0.309076,-0.297163,-0.956039,-0.881016,2.31897,2.36004,1.62137,1.70644
1.36,0.122039,0.0713434,-0.0203968,-0.0282154,0.0526717,0.0446772,-0.380117,-0.39448,0.957586,0.946279,-0.570456,-0.570935,0.504178,0.593305,0.0433071,0.0297798,-0.0573941,0.0128906,0.933616,0.973187,0.261112,0.233053,-0.324098,-0.468223,-0.129488,-0.00454865,0.520905,0.616787,-0.0948474,-0.125454,-0.0220466,0.0404106,0.946881,1.00707,0.297936,0.279015,-0.14536,-0.247378,-0.129488,-0.00454865,-0.267179,-0.210704,0.0287989,0.0413626,-0.137666,-0.124707,-0.595039,-0.562406,-0.483815,-0.458806,-0.527249,-0.47766,2.36153,2.42266,1.98976,2.00815,-0.963065,-0.899188,-0.267591,-0.255851,-0.888641,-0.825897,2.25198,2.29399,1.64449,1.72038
1.37,0.121175,0.0705787,-0.0250379,-0.0337903,0.0566091,0.0479994,-0.378712,-0.393392,0.943754,0.931756,-0.570616,-0.571015,0.552618,0.641495,0.0613148,0.0487502,-0.0287874,0.0387381,1.02161,1.05943,0.270409,0.244719,-0.350036,-0.488674,-0.129511,-0.00454865,0.5622,0.657981,-0.0862368,-0.11737,0.0097926,0.0725039,1.02079,1.0787,0.319295,0.29808,-0.174641,-0.27733,-0.129511,-0.00454865,-0.282072,-0.224497,0.0373901,0.0508038,-0.137173,-0.121557,-0.521326,-0.498949,-0.426374,-0.402683,-0.492249,-0.4585,2.28614,2.35361,1.98206,1.99446,-0.882463,-0.825361,-0.237137,-0.224956,-0.823034,-0.770183,2.18138,2.22479,1.6405,1.71224
1.38,0.129368,0.0799241,-0.0305539,-0.0408977,0.0612656,0.0520378,-0.378173,-0.393155,0.932499,0.919907,-0.570715,-0.571078,0.576772,0.665001,0.0775876,0.0662148,-0.0145344,0.0510969,1.08302,1.12037,0.277217,0.252755,-0.371512,-0.507897,-0.129546,-0.00454865,0.590542,0.685364,-0.079621,-0.111799,0.0384588,0.10221,1.0853,1.14114,0.324509,0.302208,-0.197878,-0.299415,-0.129546,-0.00454865,-0.311693,-0.25462,0.0461775,0.0611443,-0.13984,-0.121079,-0.442342,-0.429765,-0.379542,-0.357171,-0.451141,-0.430901,2.21046,2.28482,1.97979,1.98751,-0.802743,-0.751561,-0.207823,-0.195101,-0.767327,-0.721601,2.11735,2.16221,1.63882,1.70746
1.39,0.138047,0.0903882,-0.0331663,-0.0447566,0.0662905,0.0568194,-0.377826,-0.39313,0.922916,0.90993,-0.570923,-0.571256,0.585075,0.672259,0.0883202,0.0776975,-0.00789913,0.0568115,1.11817,1.15567,0.294935,0.269175,-0.393444,-0.532078,-0.12958,-0.00454865,0.606582,0.699983,-0.0717531,-0.10474,0.0581235,0.122852,1.13058,1.18534,0.338604,0.315413,-0.214878,-0.316717,-0.12958,-0.00454865,-0.343778,-0.288398,0.0525202,0.0685182,-0.14184,-0.120107,-0.368463,-0.364399,-0.340069,-0.319011,-0.40872,-0.399225,2.14117,2.22208,1.97896,1.98342,-0.725233,-0.679325,-0.188368,-0.174723,-0.711697,-0.671126,2.05693,2.10359,1.63833,1.70483
1.4,0.140288,0.0941884,-0.0299213,-0.041492,0.0728882,0.0640375,-0.377125,-0.392732,0.913904,0.900673,-0.571522,-0.571795,0.595242,0.681373,0.0903207,0.0791342,-0.00253011,0.0621087,1.14673,1.18402,0.315886,0.287992,-0.414362,-0.555994,-0.129591,-0.00454865,0.619867,0.712036,-0.0581247,-0.0906825,0.0700153,0.13501,1.16215,1.21662,0.358364,0.334285,-0.22889,-0.332375,-0.129591,-0.00454865,-0.367886,-0.314194,0.0536032,0.0690777,-0.142849,-0.119534,-0.305559,-0.308314,-0.308773,-0.288761,-0.369874,-0.367986,2.08479,2.17135,1.97619,1.97892,-0.651657,-0.610864,-0.182348,-0.167428,-0.651153,-0.614447,2.00411,2.05309,1.63598,1.70132
1.41,0.130047,0.0844147,-0.026618,-0.037678,0.0811068,0.0730719,-0.376337,-0.392178,0.904888,0.891518,-0.572406,-0.572572,0.619405,0.705324,0.0891026,0.0767911,0.0012396,0.0659674,1.17647,1.21313,0.334575,0.305009,-0.428099,-0.571635,-0.129618,-0.00454865,0.644653,0.736431,-0.0433251,-0.074786,0.0802076,0.145209,1.189,1.24301,0.376192,0.351317,-0.238487,-0.34335,-0.129618,-0.00454865,-0.375439,-0.322298,0.054583,0.068923,-0.146279,-0.122269,-0.248282,-0.257166,-0.294676,-0.275129,-0.318484,-0.321837,2.04049,2.13233,1.97664,1.97794,-0.585194,-0.549245,-0.187447,-0.171069,-0.587,-0.552972,1.96033,2.01209,1.6388,1.70394
1.42,0.116941,0.0716306,-0.0269928,-0.0378096,0.0874173,0.0797847,-0.375947,-0.391946,0.897126,0.883687,-0.573243,-0.573303,0.645766,0.731504,0.0892804,0.0762399,0.00208515,0.066725,1.20259,1.23874,0.350875,0.321932,-0.432857,-0.575718,-0.129645,-0.00454865,0.672433,0.763776,-0.0339083,-0.0646715,0.0887557,0.154002,1.21299,1.2662,0.388821,0.363646,-0.245926,-0.350926,-0.129645,-0.00454865,-0.379682,-0.327022,0.0583008,0.0717722,-0.143935,-0.119278,-0.193906,-0.208463,-0.292817,-0.273542,-0.265749,-0.27292,2.00527,2.10217,1.97919,1.98001,-0.517797,-0.486706,-0.201404,-0.18308,-0.520693,-0.488481,1.92541,1.98047,1.64579,1.70988
1.43,0.105681,0.060703,-0.0299097,-0.0406361,0.0902129,0.082628,-0.375966,-0.392036,0.890845,0.877367,-0.573818,-0.573804,0.669665,0.755159,0.0901365,0.0767797,-0.000244047,0.064298,1.22409,1.25991,0.359882,0.332031,-0.43365,-0.575253,-0.129657,-0.00454865,0.697507,0.788293,-0.030308,-0.0607459,0.0952098,0.16093,1.2344,1.28665,0.397767,0.372431,-0.251189,-0.355792,-0.129657,-0.00454865,-0.386079,-0.333975,0.0626019,0.0754426,-0.137435,-0.111997,-0.136091,-0.156412,-0.303652,-0.284435,-0.205328,-0.215499,1.97803,2.07999,1.98134,1.98263,-0.450311,-0.423783,-0.224236,-0.203501,-0.452471,-0.421283,1.90084,1.95918,1.64982,1.71402
1.44,0.089497,0.0445376,-0.0331234,-0.0435177,0.0913423,0.0838713,-0.37608,-0.392129,0.884784,0.871326,-0.574468,-0.57441,0.70034,0.785688,0.0882168,0.0743727,-0.00469185,0.0597617,1.24587,1.28116,0.368808,0.343633,-0.425339,-0.563665,-0.129676,-0.00454865,0.728051,0.818382,-0.0285234,-0.0584186,0.0993765,0.165561,1.25579,1.30686,0.404948,0.380358,-0.249524,-0.352407,-0.129676,-0.00454865,-0.385854,-0.333856,0.066891,0.0789127,-0.130129,-0.104442,-0.0766774,-0.10261,-0.320123,-0.300941,-0.143649,-0.156035,1.9591,2.06589,1.98381,1.98594,-0.386215,-0.364138,-0.252764,-0.229459,-0.387483,-0.357117,1.88375,1.94567,1.6585,1.7237
1.45,0.0774394,0.0324764,-0.0321963,-0.0417196,0.0914043,0.0845406,-0.376134,-0.392108,0.879671,0.866236,-0.575088,-0.575025,0.725005,0.81011,0.0818738,0.0670701,-0.00833343,0.0565017,1.2656,1.30022,0.373455,0.349966,-0.421268,-0.557152,-0.129685,-0.00454865,0.750762,0.840689,-0.02481,-0.053726,0.0994565,0.165749,1.27297,1.32328,0.411425,0.387446,-0.248478,-0.35029,-0.129685,-0.00454865,-0.389577,-0.337614,0.0650534,0.0758031,-0.123728,-0.0984434,-0.014445,-0.0458478,-0.341612,-0.32233,-0.081946,-0.0960572,1.94602,2.05734,1.98669,1.9901,-0.326115,-0.307613,-0.288892,-0.262833,-0.325088,-0.294708,1.88334,1.94834,1.66591,1.73126
1.46,0.0608406,0.0154218,-0.0299886,-0.0385114,0.0916646,0.085504,-0.376004,-0.391879,0.874775,0.861429,-0.575699,-0.575628,0.752098,0.837225,0.0742094,0.0583544,-0.00964501,0.0555991,1.28208,1.3158,0.38101,0.359527,-0.414456,-0.54747,-0.129697,-0.00454865,0.776254,0.866151,-0.0203587,-0.0481968,0.0974956,0.163615,1.28615,1.33579,0.417748,0.394624,-0.244576,-0.34511,-0.129697,-0.00454865,-0.38552,-0.333037,0.0618862,0.0712311,-0.121172,-0.0966952,0.0484985,0.0119214,-0.364177,-0.344878,-0.0190085,-0.0344668,1.93651,2.05201,1.98929,1.99423,-0.270057,-0.254896,-0.327975,-0.299071,-0.266556,-0.236197,1.88605,1.95423,1.67577,1.74148
1.47,0.0449102,-0.000894344,-0.0277808,-0.0353297,0.0923424,0.0869843,-0.375824,-0.39154,0.870475,0.857264,-0.576503,-0.576424,0.776288,0.861314,0.0642416,0.047317,-0.0128049,0.0526935,1.29627,1.32913,0.401867,0.38443,-0.392378,-0.520733,-0.130034,-0.00454865,0.800069,0.889784,-0.0173277,-0.0440648,0.0933282,0.15926,1.29762,1.34659,0.426848,0.405114,-0.234969,-0.333725,-0.130034,-0.00454865,-0.380777,-0.327696,0.0591568,0.067182,-0.128424,-0.104639,0.119904,0.0774171,-0.386718,-0.367879,0.0483448,0.0307871,1.92403,2.04423,1.98332,1.99201,-0.226273,-0.21317,-0.362631,-0.331358,-0.235634,-0.204656,1.88348,1.95647,1.82513,1.88341
1.48,0.0324073,-0.0135738,-0.0258468,-0.0326681,0.092937,0.0882748,-0.375606,-0.391156,0.867224,0.854156,-0.577214,-0.577141,0.79466,0.879454,0.0546956,0.0369459,-0.0178564,0.0481316,1.30573,1.33786,0.405839,0.389271,-0.388129,-0.51504,-0.130043,-0.00454865,0.818361,0.907788,-0.0163488,-0.042232,0.0877502,0.153634,1.30548,1.35394,0.429573,0.408539,-0.230698,-0.328413,-0.130043,-0.00454865,-0.379867,-0.32635,0.0570461,0.0640052,-0.127493,-0.104895,0.177891,0.131504,-0.406264,-0.387587,0.0913362,0.0734312,1.92509,2.04849,1.98583,1.99567,-0.178856,-0.168452,-0.400041,-0.365968,-0.192548,-0.161484,1.89911,1.97425,1.82964,1.89056
1.49,0.0199496,-0.0260969,-0.0235594,-0.0296687,0.0921157,0.0879699,-0.375363,-0.390741,0.864665,0.851763,-0.57773,-0.577671,0.812034,0.896416,0.0461082,0.0277779,-0.0213017,0.0449857,1.31352,1.34492,0.416753,0.402513,-0.374126,-0.498167,-0.130067,-0.00454865,0.834779,0.92382,-0.017753,-0.0430347,0.0795214,0.145301,1.31082,1.35888,0.437012,0.417195,-0.219065,-0.315377,-0.130067,-0.00454865,-0.378098,-0.324195,0.0541998,0.0601933,-0.13001,-0.108302,0.235157,0.184952,-0.420416,-0.402288,0.128497,0.109937,1.92211,2.04895,1.98555,1.99696,-0.140895,-0.132703,-0.430566,-0.394193,-0.169064,-0.137774,1.91302,1.99021,1.83267,1.89548
1.5,0.00861827,-0.0375472,-0.0213712,-0.026915,0.0912018,0.0873911,-0.375197,-0.390434,0.862655,0.849911,-0.578049,-0.577998,0.827295,0.911336,0.0398294,0.0211458,-0.0228089,0.0438121,1.31921,1.34992,0.418739,0.40541,-0.369854,-0.492373,-0.130075,-0.00454865,0.848853,0.93766,-0.0194756,-0.0443909,0.0714033,0.137068,1.31382,1.36158,0.438353,0.419067,-0.213607,-0.309162,-0.130075,-0.00454865,-0.37878,-0.324358,0.0510356,0.0562485,-0.130664,-0.109808,0.281893,0.229052,-0.432753,-0.414904,0.150449,0.132086,1.92727,2.05656,1.98616,1.99834,-0.110138,-0.103616,-0.459417,-0.420931,-0.155091,-0.123191,1.93332,2.01205,1.83563,1.89978
1.51,-0.00489878,-0.0512426,-0.0201032,-0.0252007,0.0901094,0.0864932,-0.375054,-0.390183,0.86087,0.848314,-0.578366,-0.578322,0.844108,0.92781,0.0355387,0.0166168,-0.0230287,0.0437426,1.32329,1.3533,0.421366,0.409703,-0.364709,-0.484795,-0.130083,-0.00454865,0.864527,0.953115,-0.0211279,-0.0458217,0.064737,0.13023,1.31544,1.36285,0.440246,0.421822,-0.207513,-0.301804,-0.130083,-0.00454865,-0.376556,-0.32152,0.0489686,0.0535717,-0.132594,-0.112414,0.323499,0.268321,-0.443677,-0.426129,0.167851,0.149475,1.93021,2.06175,1.98589,2.00009,-0.0897214,-0.0841892,-0.485042,-0.444812,-0.151873,-0.119119,1.95164,2.03158,1.83746,1.90297
1.52,-0.0196889,-0.0662437,-0.0211553,-0.0259996,0.0890239,0.0852105,-0.374852,-0.389886,0.859231,0.846887,-0.578637,-0.578563,0.861379,0.944834,0.0340142,0.0151816,-0.023819,0.0429439,1.32578,1.35524,0.428477,0.418322,-0.35555,-0.473764,-0.130141,-0.00454865,0.881998,0.97033,-0.0246485,-0.0494045,0.0596841,0.125005,1.31789,1.36472,0.447002,0.429612,-0.196023,-0.288781,-0.130141,-0.00454865,-0.373466,-0.317653,0.0500757,0.0542956,-0.161354,-0.140653,0.387604,0.328251,-0.436382,-0.421665,0.209922,0.189708,1.91044,2.04684,1.97917,1.99598,-0.116126,-0.106778,-0.498788,-0.457925,-0.205258,-0.167776,1.98626,2.06478,1.83364,1.89975
1.53,-0.0368195,-0.0835234,-0.0239216,-0.0288661,0.0863253,0.0817444,-0.374432,-0.389458,0.857933,0.845795,-0.578441,-0.578354,0.880026,0.963233,0.0375206,0.0193741,-0.0221342,0.044437,1.32524,1.3543,0.426553,0.4161,-0.356036,-0.474324,-0.13015,-0.00454865,0.901202,0.9894,-0.0306651,-0.0560421,0.0552766,0.1207,1.3188,1.3651,0.445693,0.428092,-0.193322,-0.285812,-0.13015,-0.00454865,-0.36814,-0.311804,0.0504909,0.054791,-0.159671,-0.138622,0.405687,0.345859,-0.43499,-0.42078,0.198395,0.178884,1.91567,2.05363,1.97823,1.99357,-0.112919,-0.10342,-0.514874,-0.473012,-0.220397,-0.181649,2.00073,2.07998,1.83327,1.89985
1.54,-0.0536484,-0.100296,-0.0262108,-0.0311633,0.0844502,0.0793481,-0.373886,-0.388939,0.857122,0.845189,-0.578429,-0.578329,0.897736,0.980515,0.0400162,0.0222951,-0.0205815,0.0458393,1.32412,1.35281,0.42281,0.412372,-0.357927,-0.475811,-0.130162,-0.00454865,0.918951,1.00682,-0.0344541,-0.060227,0.0524383,0.117838,1.31846,1.36435,0.446156,0.428895,-0.188415,-0.280113,-0.130162,-0.00454865,-0.364146,-0.307545,0.0510311,0.0553941,-0.162208,-0.14082,0.416389,0.356407,-0.427568,-0.414067,0.180879,0.161803,1.91872,2.05806,1.97649,1.99132,-0.120442,-0.109981,-0.523268,-0.481082,-0.249323,-0.209025,2.01356,2.09312,1.83051,1.89762
1.55,-0.0661155,-0.112681,-0.0278281,-0.0327794,0.0830105,0.0775096,-0.373215,-0.388339,0.857199,0.845414,-0.578552,-0.578439,0.909203,0.991651,0.0429002,0.0255066,-0.0177787,0.0484513,1.32123,1.34971,0.420026,0.409721,-0.357999,-0.475458,-0.13017,-0.00454865,0.93001,1.01767,-0.0363696,-0.0624522,0.0510192,0.116315,1.31553,1.36129,0.445306,0.428065,-0.186495,-0.277986,-0.13017,-0.00454865,-0.365506,-0.308768,0.0515834,0.0559934,-0.163598,-0.141836,0.41875,0.358947,-0.418402,-0.405447,0.157354,0.138627,1.92262,2.06285,1.97442,1.98859,-0.129582,-0.118218,-0.528422,-0.486155,-0.278379,-0.236947,2.0191,2.09909,1.82763,1.89516
1.56,-0.0763686,-0.122792,-0.0276557,-0.0324635,0.0833576,0.0780385,-0.372454,-0.387681,0.857887,0.846214,-0.579104,-0.578985,0.916931,0.999073,0.0425148,0.0249552,-0.0149956,0.0511421,1.31735,1.34563,0.417645,0.407154,-0.358361,-0.475726,-0.130175,-0.00454865,0.937076,1.02456,-0.0338266,-0.059731,0.0512062,0.116223,1.31035,1.35627,0.444291,0.427031,-0.186138,-0.277776,-0.130175,-0.00454865,-0.369433,-0.312662,0.0516234,0.0559494,-0.166278,-0.144554,0.412819,0.353377,-0.409216,-0.396555,0.132248,0.113642,1.92575,2.06636,1.97236,1.98584,-0.141116,-0.128877,-0.530707,-0.488659,-0.307321,-0.265192,2.01721,2.09773,1.82447,1.89237
1.57,-0.0876893,-0.13396,-0.0266859,-0.0312368,0.0840486,0.0790974,-0.371759,-0.387093,0.858482,0.846935,-0.579702,-0.579574,0.926183,1.00798,0.0411084,0.023225,-0.011965,0.0541956,1.31375,1.34174,0.413059,0.401945,-0.361771,-0.479402,-0.130277,-0.00454865,0.945155,1.03246,-0.0298854,-0.0554632,0.0510861,0.115749,1.30481,1.35094,0.439527,0.421909,-0.190292,-0.282409,-0.130277,-0.00454865,-0.373889,-0.317004,0.0503621,0.0545857,-0.181867,-0.159894,0.413686,0.353816,-0.391608,-0.380271,0.118181,0.0989159,1.91799,2.06002,1.97162,1.98461,-0.175078,-0.159543,-0.527355,-0.486244,-0.355911,-0.311049,2.0274,2.10633,1.79945,1.87088
1.58,-0.0994746,-0.145416,-0.0267343,-0.0312184,0.0847905,0.0800973,-0.370963,-0.386438,0.859185,0.847761,-0.580201,-0.580075,0.935186,1.01654,0.0406364,0.0225383,-0.00970688,0.0563525,1.30906,1.33688,0.407985,0.396041,-0.366074,-0.484303,-0.130327,-0.00454865,0.953579,1.04058,-0.0265709,-0.0519231,0.0522578,0.116724,1.29905,1.34541,0.436537,0.418608,-0.19332,-0.285951,-0.130327,-0.00454865,-0.376945,-0.320269,0.0496795,0.0540024,-0.180738,-0.158771,0.39158,0.332796,-0.381187,-0.369793,0.0845545,0.06535,1.92262,2.06395,1.96722,1.97965,-0.187388,-0.1713,-0.526496,-0.485799,-0.374428,-0.329643,2.01625,2.09554,1.78554,1.85796
1.59,-0.112291,-0.157898,-0.0275148,-0.0320024,0.0849572,0.0804054,-0.37017,-0.385808,0.8597,0.848404,-0.580587,-0.580469,0.94515,1.02607,0.0414436,0.0232215,-0.00698881,0.0588163,1.3043,1.33202,0.405904,0.393611,-0.367242,-0.485637,-0.130374,-0.00454865,0.963343,1.05003,-0.0234305,-0.0486464,0.0547363,0.119054,1.29381,1.34032,0.433219,0.414926,-0.197196,-0.290307,-0.130374,-0.00454865,-0.379164,-0.322721,0.0493807,0.0538998,-0.17791,-0.155841,0.364947,0.307428,-0.371394,-0.359826,0.0516381,0.0324157,1.92671,2.06695,1.96234,1.97437,-0.200272,-0.183858,-0.523375,-0.483185,-0.389811,-0.345563,2.00018,2.07983,1.76886,1.84256
1.6,-0.126458,-0.17164,-0.0288248,-0.0333528,0.0837522,0.0791269,-0.369416,-0.385221,0.859898,0.848751,-0.580694,-0.580597,0.957164,1.0375,0.0439811,0.0258042,-0.00370118,0.0617443,1.30025,1.32787,0.404181,0.392483,-0.367335,-0.484778,-0.130437,-0.00454865,0.974861,1.06112,-0.021859,-0.047145,0.0570107,0.121266,1.28899,1.33557,0.429276,0.410766,-0.201837,-0.295086,-0.130437,-0.00454865,-0.379331,-0.323254,0.0489174,0.0537008,-0.170918,-0.148644,0.334754,0.278719,-0.362327,-0.350436,0.0177602,-0.00134011,1.92871,2.06776,1.97063,1.98017,-0.209882,-0.193834,-0.518951,-0.479207,-0.396261,-0.353345,1.977,2.05742,1.75474,1.82829
1.61,-0.14154,-0.186225,-0.0305671,-0.0352184,0.0819994,0.0771771,-0.368731,-0.384708,0.859768,0.848776,-0.580608,-0.580541,0.97057,1.05031,0.047208,0.0292118,-0.00104052,0.0639521,1.2967,1.32426,0.405024,0.393539,-0.365916,-0.483036,-0.130525,-0.00454865,0.988141,1.07391,-0.0212536,-0.0467115,0.0594545,0.123773,1.28563,1.3322,0.426798,0.407966,-0.204669,-0.298211,-0.130525,-0.00454865,-0.378726,-0.323091,0.0482171,0.0533811,-0.159888,-0.137374,0.300364,0.24608,-0.352034,-0.339736,-0.0212057,-0.040169,1.93013,2.0677,1.97338,1.98095,-0.215255,-0.200239,-0.514269,-0.474831,-0.395133,-0.354287,1.94872,2.03007,1.73868,1.81323
1.62,-0.156998,-0.201093,-0.0317388,-0.0364139,0.0801171,0.0752339,-0.368133,-0.384268,0.859374,0.848543,-0.580685,-0.580653,0.985201,1.06426,0.0489722,0.031072,0.000670444,0.0653764,1.29391,1.32136,0.401041,0.388586,-0.368569,-0.486586,-0.130566,-0.00454865,1.00224,1.08743,-0.0204337,-0.0459447,0.0607658,0.125154,1.28278,1.32939,0.424496,0.405024,-0.207845,-0.302177,-0.130566,-0.00454865,-0.377818,-0.322681,0.0472572,0.0527196,-0.152802,-0.130102,0.27075,0.217735,-0.339082,-0.326692,-0.0534255,-0.0726396,1.92443,2.06108,1.97181,1.978,-0.22417,-0.21012,-0.506834,-0.467893,-0.39654,-0.357546,1.91759,2.00016,1.71873,1.79056
1.63,-0.171821,-0.215164,-0.0333654,-0.0380759,0.0791937,0.0745019,-0.367596,-0.383875,0.8587,0.848033,-0.581218,-0.581225,0.999451,1.07767,0.0488185,0.0307182,0.000493503,0.0648835,1.29188,1.31924,0.401469,0.389522,-0.368365,-0.485644,-0.130595,-0.00454865,1.01647,1.10086,-0.0180654,-0.0434043,0.0635641,0.128059,1.28131,1.32792,0.423735,0.404229,-0.211842,-0.306206,-0.130595,-0.00454865,-0.377688,-0.323182,0.0477105,0.0534944,-0.147628,-0.125066,0.242226,0.190306,-0.325593,-0.313126,-0.0830927,-0.102835,1.91476,2.05046,1.95976,1.96705,-0.232217,-0.219511,-0.494622,-0.456323,-0.39876,-0.362363,1.88423,1.96748,1.69732,1.77217
1.64,-0.187517,-0.230055,-0.0338725,-0.0385412,0.0775536,0.073311,-0.367014,-0.383436,0.857595,0.847094,-0.581958,-0.582036,1.01562,1.09291,0.0472282,0.0287673,0.00114805,0.0650641,1.29208,1.31924,0.40518,0.394331,-0.360762,-0.476576,-0.130614,-0.00454865,1.03175,1.11534,-0.0144171,-0.0393991,0.0657126,0.130383,1.28083,1.32752,0.420426,0.400307,-0.21956,-0.314713,-0.130614,-0.00454865,-0.375796,-0.322003,0.0475911,0.0536603,-0.131986,-0.110223,0.205344,0.155254,-0.314991,-0.301756,-0.122625,-0.142123,1.90697,2.04116,1.96463,1.96988,-0.224589,-0.21536,-0.485371,-0.447331,-0.379787,-0.347895,1.83484,1.92067,1.70327,1.77722
1.65,-0.199292,-0.241086,-0.0352436,-0.0399171,0.0745907,0.07034,-0.366362,-0.382902,0.856431,0.846057,-0.582385,-0.582519,1.02797,1.10449,0.0481438,0.0296955,0.00110963,0.0647371,1.29258,1.31971,0.406047,0.39543,-0.359782,-0.475293,-0.130616,-0.00454865,1.04356,1.12641,-0.0140153,-0.0390108,0.0672865,0.132195,1.28207,1.32872,0.42375,0.403344,-0.221897,-0.317555,-0.130616,-0.00454865,-0.378805,-0.325606,0.0481443,0.0545294,-0.131074,-0.109078,0.188795,0.138552,-0.297506,-0.284785,-0.139952,-0.16062,1.88045,2.01533,1.9618,1.96692,-0.236435,-0.228506,-0.469451,-0.43213,-0.38433,-0.354961,1.79309,1.87999,1.69918,1.77424
1.66,-0.21205,-0.253093,-0.0352427,-0.0398035,0.069823,0.0654506,-0.365658,-0.382295,0.854777,0.84454,-0.58252,-0.582731,1.0426,1.11823,0.0497234,0.0314368,0.00291244,0.0662573,1.29498,1.32194,0.407715,0.39776,-0.357673,-0.47231,-0.130618,-0.00454865,1.05699,1.13908,-0.0151427,-0.0403168,0.066169,0.131353,1.28493,1.33152,0.425798,0.40515,-0.223455,-0.319464,-0.130618,-0.00454865,-0.379774,-0.327207,0.0462561,0.0528786,-0.127574,-0.105266,0.174389,0.123654,-0.279331,-0.267127,-0.156272,-0.178246,1.8464,1.98249,1.95833,1.96359,-0.243184,-0.237323,-0.45343,-0.416668,-0.381404,-0.355214,1.74438,1.8328,1.69455,1.77107
1.67,-0.223531,-0.26385,-0.0350065,-0.0394695,0.0650315,0.06056,-0.364987,-0.3817,0.852701,0.842587,-0.582669,-0.582964,1.05675,1.13154,0.0510603,0.0329156,0.00413511,0.0672145,1.29908,1.32588,0.410617,0.401375,-0.355673,-0.469432,-0.13062,-0.00454865,1.07032,1.15168,-0.0161326,-0.0414743,0.0651048,0.130639,1.29006,1.33651,0.428431,0.407503,-0.225914,-0.322301,-0.13062,-0.00454865,-0.381984,-0.329999,0.0442201,0.0510938,-0.123598,-0.101086,0.162492,0.110967,-0.261892,-0.250164,-0.170945,-0.194212,1.80799,1.9456,1.95462,1.96031,-0.245315,-0.242167,-0.438049,-0.401618,-0.374437,-0.351898,1.69011,1.78046,1.68911,1.76756
1.68,-0.238357,-0.27796,-0.0359177,-0.0405671,0.0615641,0.0572298,-0.364171,-0.380969,0.849984,0.840027,-0.583177,-0.583587,1.07432,1.14826,0.0512574,0.03302,0.00420121,0.0665549,1.30371,1.33028,0.420577,0.413134,-0.345115,-0.456797,-0.130636,-0.00454865,1.08795,1.16855,-0.0149125,-0.0401747,0.0673164,0.133399,1.29569,1.34192,0.428372,0.407105,-0.231206,-0.327896,-0.130636,-0.00454865,-0.378668,-0.32736,0.0446733,0.0521388,-0.0937385,-0.0725355,0.127306,0.0774927,-0.250246,-0.237377,-0.212645,-0.235162,1.78488,1.92128,1.94993,1.95555,-0.211366,-0.215586,-0.430422,-0.393724,-0.317861,-0.30304,1.61296,1.70762,1.68273,1.7643
1.69,-0.246151,-0.285267,-0.0379849,-0.0427202,0.0567452,0.0519647,-0.363216,-0.38006,0.847474,0.837595,-0.583499,-0.583971,1.08475,1.15819,0.054386,0.0365009,0.00342897,0.0655163,1.30865,1.33524,0.424265,0.417187,-0.34566,-0.457102,-0.130638,-0.00454865,1.09899,1.17904,-0.0174018,-0.0430356,0.0683478,0.134958,1.30405,1.34992,0.433972,0.412329,-0.234628,-0.331711,-0.130638,-0.00454865,-0.383703,-0.332766,0.0454573,0.0532619,-0.0902988,-0.0686037,0.126231,0.0743549,-0.231804,-0.219628,-0.217606,-0.241862,1.73068,1.87003,1.94592,1.95272,-0.208125,-0.215548,-0.410381,-0.374161,-0.307921,-0.296743,1.55569,1.65233,1.67612,1.76014
1.7,-0.254536,-0.293329,-0.0405622,-0.0454625,0.0526555,0.0474247,-0.362133,-0.378972,0.844607,0.834824,-0.583791,-0.584322,1.09632,1.1694,0.0568575,0.039294,0.000902384,0.0626359,1.31504,1.34161,0.430355,0.424215,-0.342224,-0.452788,-0.130642,-0.00454865,1.11155,1.19112,-0.0204328,-0.0464048,0.0692796,0.136461,1.31362,1.35897,0.440244,0.418781,-0.233826,-0.330522,-0.130642,-0.00454865,-0.385506,-0.334796,0.0470016,0.0552321,-0.0840604,-0.0621926,0.125145,0.0710436,-0.218964,-0.207141,-0.216562,-0.242401,1.67204,1.81442,1.94204,1.95067,-0.1956,-0.2075,-0.394858,-0.358888,-0.279652,-0.273312,1.48688,1.58618,1.6678,1.75545
1.71,-0.260626,-0.299204,-0.0430902,-0.0481674,0.0487188,0.0430587,-0.360923,-0.377731,0.841565,0.831852,-0.584109,-0.5847,1.10596,1.17878,0.058956,0.0416837,-0.0018704,0.0595054,1.32291,1.34945,0.439169,0.434187,-0.337396,-0.446905,-0.130648,-0.00454865,1.12204,1.20124,-0.0234951,-0.0497869,0.0698131,0.137641,1.32461,1.36945,0.44872,0.427306,-0.234041,-0.330643,-0.130648,-0.00454865,-0.389449,-0.338849,0.0488185,0.0574649,-0.0738486,-0.051955,0.12594,0.0694935,-0.205921,-0.194321,-0.219042,-0.246231,1.61307,1.7586,1.93725,1.94723,-0.176673,-0.193627,-0.379891,-0.344367,-0.243415,-0.241899,1.41693,1.5195,1.65857,1.74524
1.72,-0.265481,-0.304088,-0.0460893,-0.0513271,0.0458381,0.0397819,-0.359669,-0.376425,0.838252,0.828591,-0.58446,-0.585085,1.11481,1.18764,0.0607934,0.043731,-0.00537229,0.0557783,1.33179,1.35829,0.446728,0.442502,-0.335748,-0.444662,-0.130651,-0.00454865,1.13206,1.21109,-0.0257403,-0.0522747,0.0715164,0.139936,1.33663,1.38087,0.457104,0.435462,-0.237751,-0.334528,-0.130651,-0.00454865,-0.394359,-0.343576,0.0507215,0.0596659,-0.0677095,-0.0456982,0.134734,0.0750392,-0.193102,-0.181934,-0.216716,-0.245757,1.54686,1.69644,1.93184,1.94475,-0.159543,-0.180904,-0.363357,-0.328425,-0.212338,-0.215301,1.35329,1.45798,1.65084,1.74341
1.73,-0.269171,-0.308094,-0.0487003,-0.0540289,0.0429312,0.0364657,-0.358097,-0.374775,0.834898,0.825273,-0.584809,-0.585462,1.12243,1.19553,0.0627621,0.0459012,-0.00834281,0.0526482,1.3416,1.36802,0.455037,0.451655,-0.33405,-0.442264,-0.130654,-0.00454865,1.14084,1.21995,-0.0278012,-0.0545776,0.0732058,0.142124,1.34957,1.39315,0.465394,0.443756,-0.240156,-0.336744,-0.130654,-0.00454865,-0.398884,-0.347608,0.0512665,0.0604102,-0.0613445,-0.0392604,0.146881,0.0835924,-0.185532,-0.174782,-0.203395,-0.234489,1.48012,1.63384,1.92667,1.94305,-0.139055,-0.164893,-0.3493,-0.31505,-0.174825,-0.182252,1.29132,1.39808,1.64328,1.74124
1.74,-0.270419,-0.3099,-0.0492976,-0.0545984,0.0399783,0.0333083,-0.356151,-0.37273,0.831767,0.822149,-0.585202,-0.585899,1.12737,1.20093,0.0637672,0.0469801,-0.00974779,0.0511393,1.35227,1.3785,0.464635,0.462362,-0.330739,-0.437863,-0.130657,-0.00454865,1.14577,1.22523,-0.0289159,-0.0558249,0.0733724,0.142671,1.36199,1.40505,0.474232,0.452868,-0.240107,-0.336323,-0.130657,-0.00454865,-0.404213,-0.352167,0.0498086,0.0590855,-0.0549073,-0.0329684,0.161201,0.0944151,-0.182578,-0.172314,-0.179661,-0.212801,1.42077,1.57815,1.92166,1.94185,-0.113252,-0.143854,-0.338697,-0.305174,-0.130376,-0.142656,1.22831,1.33721,1.63361,1.73735
1.75,-0.268545,-0.308512,-0.0482734,-0.053581,0.0365558,0.0297887,-0.353866,-0.370336,0.828853,0.81921,-0.585578,-0.586357,1.12901,1.20296,0.0640431,0.0473189,-0.00990189,0.0507509,1.36448,1.39046,0.479543,0.479076,-0.322325,-0.4276,-0.130672,-0.00454865,1.14664,1.22653,-0.0303808,-0.0574401,0.0707294,0.140584,1.37442,1.4172,0.486048,0.464878,-0.23902,-0.335345,-0.130672,-0.00454865,-0.410738,-0.358037,0.0468536,0.0564431,-0.0383921,-0.016812,0.168133,0.0991341,-0.183838,-0.173454,-0.164236,-0.198744,1.3815,1.54078,1.91225,1.93616,-0.0738078,-0.110095,-0.329071,-0.296588,-0.0757874,-0.0936445,1.16762,1.27875,1.60697,1.71899
1.76,-0.264908,-0.305379,-0.0463277,-0.0514181,0.0332832,0.0264576,-0.351325,-0.367697,0.826094,0.816397,-0.585892,-0.586721,1.12876,1.20317,0.0641877,0.0475168,-0.0092791,0.0515519,1.37678,1.40254,0.487681,0.487997,-0.322375,-0.4269,-0.130678,-0.00454865,1.14528,1.22567,-0.0314474,-0.0586575,0.0672535,0.137464,1.38656,1.42915,0.493935,0.472603,-0.241772,-0.338505,-0.130678,-0.00454865,-0.41722,-0.36384,0.0424907,0.0519801,-0.0326366,-0.0110344,0.185435,0.113715,-0.185084,-0.17539,-0.134952,-0.171175,1.34719,1.50895,1.91054,1.93711,-0.044388,-0.0844904,-0.31148,-0.27985,-0.056339,-0.0772714,1.12517,1.23823,1.59425,1.70966
1.77,-0.259169,-0.300053,-0.0429251,-0.0477253,0.029381,0.0223981,-0.348462,-0.364792,0.823574,0.813778,-0.586015,-0.586896,1.12582,1.20064,0.0660778,0.0496163,-0.00501941,0.0560579,1.38934,1.4149,0.496488,0.497403,-0.325075,-0.429108,-0.13068,-0.00454865,1.14082,1.22178,-0.0324689,-0.0600057,0.0629155,0.133465,1.39867,1.44126,0.502413,0.480779,-0.244736,-0.342203,-0.13068,-0.00454865,-0.423802,-0.369945,0.0356451,0.0449258,-0.0254372,-0.00354279,0.201075,0.127766,-0.184616,-0.175597,-0.114342,-0.151276,1.33434,1.49759,1.91138,1.93901,-0.0133512,-0.0566968,-0.288654,-0.257786,-0.0552511,-0.0777763,1.09744,1.21267,1.58847,1.70492
1.78,-0.255027,-0.296221,-0.0413264,-0.0459618,0.0277649,0.0206764,-0.34539,-0.361711,0.820699,0.810807,-0.586198,-0.587093,1.12496,1.20022,0.0678852,0.0514986,-0.00253967,0.0587891,1.40357,1.42907,0.501776,0.503314,-0.328163,-0.431632,-0.130681,-0.00454865,1.13947,1.22085,-0.0317246,-0.0594463,0.0624964,0.133372,1.41299,1.4554,0.507224,0.48578,-0.246864,-0.344099,-0.130681,-0.00454865,-0.42474,-0.370636,0.0310442,0.0401133,-0.0224247,-0.000233999,0.219021,0.144928,-0.179554,-0.171398,-0.103631,-0.140279,1.33812,1.50256,1.91264,1.94005,0.0115389,-0.033638,-0.270734,-0.240543,-0.0549011,-0.0772339,1.0938,1.21054,1.58743,1.70304
1.79,-0.246788,-0.288511,-0.0376035,-0.0419161,0.0240774,0.0168827,-0.341913,-0.358235,0.81902,0.808993,-0.586513,-0.587452,1.11687,1.19272,0.0703051,0.0541049,0.00400904,0.0655579,1.41349,1.43886,0.513784,0.516072,-0.328088,-0.430991,-0.130683,-0.00454865,1.12905,1.21119,-0.0318371,-0.0598554,0.0590075,0.13005,1.42132,1.46396,0.521617,0.500015,-0.246123,-0.34434,-0.130683,-0.00454865,-0.42642,-0.371978,0.0248096,0.0336184,-0.016119,0.00644656,0.23882,0.164346,-0.183968,-0.176465,-0.0810073,-0.11738,1.35674,1.52164,1.9167,1.9436,0.0474201,-0.000426171,-0.247011,-0.217424,-0.0651811,-0.0875291,1.08478,1.20404,1.58479,1.70006
1.8,-0.238307,-0.280245,-0.0352593,-0.0392394,0.0225583,0.0153367,-0.338017,-0.354352,0.81745,0.807288,-0.586902,-0.587831,1.10846,1.18474,0.0712706,0.0551193,0.00742542,0.0694247,1.42477,1.45022,0.522945,0.525923,-0.32785,-0.430341,-0.130686,-0.00454865,1.119,1.20158,-0.03157,-0.059749,0.0565208,0.127676,1.4311,1.47392,0.532316,0.510946,-0.244214,-0.34268,-0.130686,-0.00454865,-0.425134,-0.370802,0.0196372,0.0279315,-0.0137212,0.00909608,0.262681,0.18828,-0.187813,-0.180959,-0.0640462,-0.0995658,1.38604,1.55139,1.92063,1.94554,0.0750048,0.0261486,-0.234499,-0.205474,-0.0671819,-0.0873971,1.10663,1.22813,1.58633,1.69121
1.81,-0.230877,-0.273287,-0.0328129,-0.0364292,0.0243147,0.0174109,-0.333853,-0.350169,0.816065,0.805783,-0.587661,-0.588537,1.10074,1.17767,0.0694459,0.053011,0.0102475,0.0728793,1.43678,1.46215,0.529817,0.533085,-0.330705,-0.433102,-0.130687,-0.00454865,1.11032,1.19354,-0.0286534,-0.0566623,0.054283,0.125377,1.44061,1.48357,0.538982,0.517796,-0.244803,-0.343407,-0.130687,-0.00454865,-0.417002,-0.362575,0.0156062,0.0232217,-0.0145733,0.00798034,0.293596,0.219119,-0.194541,-0.18818,-0.0483702,-0.0831414,1.41673,1.58298,1.92404,1.94823,0.105963,0.0561742,-0.227274,-0.19856,-0.0660699,-0.0850656,1.13597,1.25885,1.58915,1.69477
1.82,-0.221561,-0.264415,-0.0288907,-0.0319317,0.0271573,0.020962,-0.329553,-0.345875,0.815646,0.805238,-0.588637,-0.58944,1.08867,1.16626,0.0655155,0.0484889,0.0135189,0.0769518,1.44443,1.46976,0.538859,0.542155,-0.331904,-0.434602,-0.130689,-0.00454865,1.09642,1.18028,-0.0231928,-0.0507141,0.0514673,0.12212,1.44458,1.488,0.547875,0.526746,-0.244498,-0.343751,-0.130689,-0.00454865,-0.410205,-0.355822,0.0110562,0.0176338,-0.0187324,0.0030382,0.331117,0.257102,-0.21155,-0.205404,-0.0214633,-0.0551568,1.46566,1.63203,1.9296,1.9525,0.137376,0.0874176,-0.227597,-0.198925,-0.0652314,-0.0823008,1.18666,1.31066,1.59414,1.69786
1.83,-0.211093,-0.254755,-0.0267856,-0.0291515,0.0301391,0.0241986,-0.325001,-0.34128,0.815801,0.805267,-0.58929,-0.589948,1.07386,1.15246,0.0634293,0.0460829,0.0162666,0.0805534,1.451,1.47644,0.552527,0.556773,-0.324827,-0.426995,-0.130697,-0.00454865,1.08093,1.16562,-0.0207643,-0.0480422,0.0494134,0.119365,1.44862,1.49219,0.560751,0.540459,-0.236723,-0.335471,-0.130697,-0.00454865,-0.400092,-0.345398,0.00868605,0.0136981,-0.0355175,-0.0144418,0.391844,0.316914,-0.222899,-0.21798,0.0166343,-0.0162768,1.49672,1.66558,1.93554,1.95787,0.16026,0.111421,-0.235736,-0.206118,-0.0832401,-0.0977485,1.25675,1.38103,1.59821,1.69842
1.84,-0.201304,-0.24623,-0.0250759,-0.0270601,0.0324763,0.0266451,-0.320245,-0.336443,0.816756,0.806126,-0.589762,-0.590321,1.05832,1.13824,0.062416,0.0449117,0.0185332,0.0834841,1.45452,1.47991,0.555242,0.559214,-0.328338,-0.431001,-0.1307,-0.00454865,1.06465,1.15059,-0.019459,-0.0466175,0.0472708,0.116739,1.44993,1.4936,0.565774,0.545439,-0.236528,-0.33555,-0.1307,-0.00454865,-0.385752,-0.330269,0.00659041,0.0105756,-0.0374014,-0.0172782,0.449612,0.374701,-0.24435,-0.23937,0.0405213,0.009096,1.54238,1.71253,1.94017,1.96148,0.204967,0.155041,-0.250447,-0.220217,-0.0742143,-0.0884713,1.31183,1.43828,1.60442,1.70218
1.85,-0.191616,-0.237946,-0.0222489,-0.0238172,0.0374354,0.0323731,-0.31544,-0.331501,0.818684,0.807997,-0.590739,-0.591208,1.04129,1.1226,0.0561196,0.0378927,0.0185237,0.0841532,1.45612,1.48128,0.557404,0.561013,-0.329701,-0.432764,-0.130702,-0.00454865,1.04673,1.13396,-0.0149642,-0.0414041,0.0451145,0.113892,1.44802,1.49184,0.569317,0.549299,-0.234,-0.332915,-0.130702,-0.00454865,-0.369352,-0.312799,0.00455097,0.0074564,-0.0411454,-0.023058,0.516452,0.441418,-0.271061,-0.265564,0.0642304,0.0344458,1.58698,1.75865,1.94417,1.96476,0.258337,0.206574,-0.268666,-0.237832,-0.0636056,-0.0783318,1.36908,1.49844,1.61156,1.70688
1.86,-0.181455,-0.229345,-0.0190079,-0.020165,0.0424993,0.0384572,-0.310662,-0.326551,0.821806,0.811101,-0.591896,-0.592299,1.02156,1.10435,0.0477551,0.0286132,0.0169605,0.0831213,1.45343,1.47828,0.559103,0.56185,-0.328061,-0.432035,-0.130703,-0.00454865,1.02585,1.11446,-0.00963704,-0.0350975,0.0430402,0.111013,1.44185,1.48587,0.572252,0.55217,-0.231477,-0.33086,-0.130703,-0.00454865,-0.352931,-0.294951,0.00281383,0.00464893,-0.0469783,-0.0316327,0.594528,0.519343,-0.302694,-0.296343,0.0942448,0.0664513,1.63257,1.80569,1.94753,1.96794,0.317965,0.263745,-0.294657,-0.263069,-0.0498775,-0.0659964,1.42871,1.56135,1.61975,1.71423
1.87,-0.171551,-0.221219,-0.0167107,-0.0176376,0.0463383,0.0427924,-0.305785,-0.32148,0.825991,0.81531,-0.592673,-0.593013,0.999634,1.08395,0.0425211,0.0229235,0.0168025,0.0832588,1.44666,1.47115,0.559762,0.562115,-0.325992,-0.430191,-0.130705,-0.00454865,1.00351,1.09366,-0.00786666,-0.0327965,0.0394468,0.10665,1.43224,1.47638,0.573169,0.553095,-0.228268,-0.327823,-0.130705,-0.00454865,-0.334558,-0.274665,0.00132679,0.00226959,-0.0516363,-0.0389487,0.681424,0.605988,-0.339958,-0.332334,0.130372,0.104694,1.67502,1.8495,1.95019,1.97067,0.384442,0.327044,-0.328307,-0.295933,-0.0314402,-0.0496711,1.48992,1.62638,1.62861,1.72119
1.88,-0.159132,-0.210758,-0.0164547,-0.0174211,0.0478204,0.0438844,-0.300727,-0.316241,0.831736,0.821088,-0.592826,-0.593097,0.97152,1.05751,0.0433989,0.0240947,0.0178453,0.0844054,1.43321,1.45753,0.55962,0.561018,-0.3267,-0.431969,-0.130714,-0.00454865,0.975972,1.06783,-0.0112688,-0.0363676,0.0362037,0.102657,1.41913,1.46324,0.577887,0.558111,-0.218523,-0.317849,-0.130714,-0.00454865,-0.318392,-0.256086,0.00189986,0.00225536,-0.0637608,-0.0533617,0.790761,0.714233,-0.367723,-0.359459,0.183877,0.160172,1.69811,1.87519,1.93899,1.96288,0.448313,0.387611,-0.374159,-0.340382,-0.0232469,-0.0440826,1.55686,1.69698,1.64036,1.73064
1.89,-0.149471,-0.202986,-0.0146859,-0.0158243,0.0488769,0.044758,-0.295547,-0.310899,0.83855,0.828009,-0.592921,-0.593189,0.944179,1.0316,0.0437286,0.0246703,0.0203279,0.0867539,1.41567,1.4396,0.555255,0.555228,-0.329916,-0.436434,-0.130717,-0.00454865,0.94851,1.04206,-0.0137297,-0.0389323,0.0316156,0.0973779,1.40092,1.44518,0.575215,0.555075,-0.21387,-0.31373,-0.130717,-0.00454865,-0.298883,-0.233878,-0.000579544,-0.000301014,-0.0649017,-0.0568653,0.89848,0.821213,-0.404188,-0.394181,0.227345,0.205671,1.72645,1.90541,1.93801,1.96271,0.531776,0.465846,-0.419954,-0.385837,0.00538697,-0.0191767,1.61007,1.7552,1.64789,1.73504
1.9,-0.139771,-0.194752,-0.0132543,-0.0146248,0.0509831,0.0469192,-0.290258,-0.305482,0.84688,0.836496,-0.593446,-0.593723,0.913449,1.0019,0.0421025,0.0230539,0.0211586,0.0874406,1.39219,1.4158,0.547283,0.545709,-0.3341,-0.441864,-0.130721,-0.00454865,0.917758,1.0126,-0.0146432,-0.0397231,0.0276346,0.0926242,1.37654,1.42119,0.57073,0.550344,-0.209949,-0.310355,-0.130721,-0.00454865,-0.279783,-0.212204,-0.000983127,-0.000598394,-0.0691783,-0.063724,1.01861,0.939889,-0.438168,-0.426476,0.279652,0.259189,1.7428,1.92429,1.93259,1.9591,0.620237,0.54864,-0.468425,-0.434428,0.0331797,0.00450222,1.66037,1.81016,1.6535,1.74063
1.91,-0.131688,-0.187679,-0.0118967,-0.0135233,0.0523798,0.0484936,-0.28481,-0.299968,0.85662,0.846431,-0.594006,-0.594328,0.881466,0.970586,0.0394505,0.0203475,0.0205609,0.0866264,1.36272,1.38619,0.537074,0.533118,-0.336571,-0.446625,-0.130725,-0.00454865,0.885483,0.981288,-0.0153473,-0.0401988,0.0239061,0.0881627,1.34637,1.39168,0.561987,0.540846,-0.207136,-0.308884,-0.130725,-0.00454865,-0.259862,-0.189913,-0.000974232,-0.00017223,-0.0724454,-0.0694419,1.14574,1.06531,-0.467027,-0.453744,0.332892,0.313139,1.75231,1.93663,1.92489,1.95367,0.715162,0.637447,-0.520066,-0.486713,0.0641757,0.0311441,1.70695,1.86126,1.65623,1.74324
1.92,-0.123353,-0.179809,-0.0120742,-0.0141686,0.0540022,0.0499667,-0.27908,-0.294244,0.867948,0.857964,-0.594502,-0.594858,0.845395,0.934827,0.0380494,0.0191618,0.0185766,0.0845346,1.32603,1.34977,0.520515,0.513165,-0.342978,-0.456673,-0.130756,-0.00454865,0.850592,0.946987,-0.018312,-0.0432092,0.020047,0.0836787,1.31081,1.35706,0.548607,0.526577,-0.204195,-0.3075,-0.130756,-0.00454865,-0.241241,-0.169322,0.000628208,0.0022658,-0.07558,-0.0743975,1.27865,1.19617,-0.492896,-0.478361,0.392696,0.372736,1.75601,1.943,1.88061,1.91532,0.817224,0.732857,-0.574071,-0.541802,0.10146,0.0638411,1.75168,1.9096,1.6221,1.71178
1.93,-0.114961,-0.171347,-0.0119239,-0.0144781,0.0556178,0.0514483,-0.273104,-0.288365,0.880818,0.871034,-0.594901,-0.595296,0.806055,0.895445,0.0363932,0.0177208,0.017234,0.0830793,1.28343,1.30781,0.505306,0.495083,-0.342207,-0.45921,-0.130759,-0.00454865,0.812447,0.909134,-0.0212653,-0.0462417,0.0159642,0.0789496,1.26916,1.3168,0.5318,0.508993,-0.199984,-0.305013,-0.130759,-0.00454865,-0.223311,-0.149976,0.00163198,0.00426915,-0.0766857,-0.0767053,1.41326,1.32841,-0.520411,-0.505227,0.455316,0.434203,1.75109,1.94169,1.88056,1.91574,0.92935,0.837774,-0.627657,-0.597116,0.147065,0.104172,1.7814,1.94402,1.62366,1.7113
1.94,-0.107905,-0.163642,-0.0126878,-0.0157678,0.0572225,0.0527816,-0.266793,-0.282238,0.895116,0.885542,-0.595164,-0.595588,0.765144,0.854164,0.035157,0.0168023,0.0143301,0.0802211,1.23457,1.26008,0.48335,0.469929,-0.341279,-0.462191,-0.130761,-0.00454865,0.772939,0.869551,-0.0254603,-0.0506523,0.0120685,0.0744483,1.2216,1.27104,0.509197,0.485857,-0.194446,-0.301,-0.130761,-0.00454865,-0.204797,-0.130817,0.00340891,0.00729231,-0.079428,-0.0799924,1.54707,1.4601,-0.544781,-0.529744,0.521285,0.498426,1.74055,1.93493,1.87908,1.91509,1.04537,0.946319,-0.68489,-0.656263,0.199682,0.150844,1.80706,1.97385,1.62498,1.71132
1.95,-0.101237,-0.155878,-0.0142404,-0.0179019,0.0588724,0.0539742,-0.260083,-0.275792,0.911058,0.9017,-0.595391,-0.595821,0.720653,0.80913,0.03462,0.0167212,0.0102887,0.0764725,1.17768,1.20492,0.454548,0.437583,-0.340159,-0.465721,-0.130764,-0.00454865,0.7304,0.826749,-0.0308835,-0.0564997,0.00706034,0.0688512,1.16717,1.2189,0.48034,0.456771,-0.187564,-0.295464,-0.130764,-0.00454865,-0.186072,-0.112276,0.00626758,0.0115632,-0.0822888,-0.0827398,1.67715,1.58831,-0.562828,-0.548998,0.586545,0.561247,1.7197,1.91873,1.87669,1.91353,1.16561,1.05871,-0.739983,-0.713739,0.259709,0.204032,1.82538,1.99624,1.62539,1.71105
1.96,-0.0937451,-0.147006,-0.0165417,-0.0208799,0.0606089,0.0551742,-0.252973,-0.269053,0.928879,0.919747,-0.595837,-0.596269,0.670339,0.758331,0.0349001,0.0174973,0.00534666,0.0723286,1.10984,1.13944,0.409446,0.38621,-0.35365,-0.487123,-0.13077,-0.00454865,0.682348,0.778513,-0.0357004,-0.0618837,0.00255187,0.0638313,1.10344,1.15817,0.443505,0.41902,-0.18965,-0.300098,-0.13077,-0.00454865,-0.167047,-0.0942775,0.00764422,0.0142294,-0.0694923,-0.0687023,1.80302,1.71178,-0.601395,-0.59076,0.658973,0.628908,1.70321,1.90724,1.86569,1.90386,1.30064,1.18764,-0.764985,-0.742125,0.344422,0.283504,1.81944,1.99475,1.61319,1.7007
1.97,-0.0866659,-0.138279,-0.0200848,-0.0251327,0.0641765,0.0583464,-0.245398,-0.261856,0.94852,0.93967,-0.596719,-0.597117,0.615871,0.703418,0.0332442,0.0161383,-0.0049396,0.0630204,1.03323,1.06585,0.362486,0.334796,-0.351997,-0.491792,-0.130774,-0.00454865,0.630486,0.726387,-0.0406451,-0.0672926,-0.00249977,0.0583418,1.03027,1.08849,0.398123,0.373896,-0.187475,-0.299162,-0.130774,-0.00454865,-0.146516,-0.0755383,0.0117819,0.0196983,-0.0675554,-0.0656531,1.91912,1.82666,-0.621491,-0.615056,0.730064,0.695985,1.67174,1.88186,1.86193,1.90055,1.42386,1.30435,-0.798323,-0.778531,0.42674,0.359227,1.81708,1.99628,1.60564,1.69423
1.98,-0.0781555,-0.128203,-0.0253714,-0.0313553,0.0681501,0.061901,-0.237286,-0.25413,0.970058,0.96155,-0.598043,-0.598413,0.55434,0.641861,0.0322919,0.0154958,-0.0194825,0.0498519,0.944117,0.980453,0.304535,0.272529,-0.347762,-0.494074,-0.13078,-0.00454865,0.572378,0.668332,-0.0458478,-0.0731045,-0.00643023,0.0542554,0.947322,1.00949,0.346062,0.32292,-0.185658,-0.297786,-0.13078,-0.00454865,-0.125044,-0.0562683,0.0203843,0.0299193,-0.0680337,-0.0654259,2.02429,1.93141,-0.629235,-0.627373,0.801322,0.763629,1.6302,1.84714,1.85794,1.89599,1.53217,1.40587,-0.828981,-0.81276,0.507038,0.432221,1.81189,1.99552,1.59353,1.6773
1.99,-0.0709271,-0.119703,-0.0326331,-0.0399273,0.0721767,0.0653986,-0.22852,-0.245734,0.993152,0.985101,-0.59966,-0.600024,0.489353,0.577333,0.0337658,0.0174572,-0.0368887,0.0341868,0.844235,0.884693,0.233509,0.198734,-0.336468,-0.487569,-0.130776,-0.00454865,0.510832,0.60728,-0.052433,-0.0806231,-0.0097769,0.0512307,0.854037,0.920354,0.284298,0.26409,-0.177832,-0.288071,-0.130776,-0.00454865,-0.0999932,-0.0334187,0.0341516,0.0459439,-0.0739308,-0.0714635,2.11403,2.02154,-0.623075,-0.624816,0.867405,0.826729,1.5805,1.80425,1.88239,1.92118,1.62185,1.48691,-0.867206,-0.855235,0.581383,0.49617,1.8087,1.9959,1.60416,1.69071
2,-0.064778,-0.112852,-0.0393181,-0.0479112,0.0757582,0.0685612,-0.219282,-0.236896,1.01792,1.01046,-0.601444,-0.60184,0.419789,0.508881,0.0368686,0.0207987,-0.0524063,0.021443,0.72996,0.774627,0.135717,0.0976969,-0.331331,-0.48699,-0.130774,-0.00454865,0.445108,0.542787,-0.056795,-0.0859086,-0.0107643,0.0510225,0.748447,0.819062,0.196217,0.179768,-0.179162,-0.28578,-0.130774,-0.00454865,-0.0721997,-0.00751785,0.046317,0.0603148,-0.0742646,-0.0718809,2.18674,2.095,-0.626518,-0.631513,0.92998,0.886727,1.54943,1.77851,1.89444,1.93517,1.70162,1.55817,-0.897628,-0.88984,0.6669,0.571694,1.80395,1.99383,1.60489,1.69536
2.01,-0.0559445,-0.103363,-0.0465695,-0.0564799,0.0800758,0.0727449,-0.209544,-0.227448,1.04443,1.03777,-0.60344,-0.603928,0.342605,0.432806,0.0406605,0.0242971,-0.0744742,0.00329461,0.604245,0.652933,0.0290289,-0.0084943,-0.308602,-0.465038,-0.130787,-0.00454865,0.370466,0.469194,-0.0612885,-0.0912145,-0.01104,0.0526257,0.628532,0.702953,0.0923595,0.0822689,-0.173494,-0.273425,-0.130787,-0.00454865,-0.0456288,0.017275,0.0598123,0.0760847,-0.0796697,-0.0784212,2.23897,2.14729,-0.629937,-0.6365,0.984614,0.93877,1.5342,1.76644,1.82915,1.87785,1.76138,1.60682,-0.932939,-0.929553,0.739775,0.632711,1.8108,2.00244,1.55988,1.65757
2.02,-0.0477254,-0.0935724,-0.0513321,-0.0616243,0.0833958,0.0764383,-0.199665,-0.217676,1.0718,1.06619,-0.605458,-0.606128,0.264916,0.354613,0.0425431,0.0243539,-0.103251,-0.0200404,0.471118,0.522802,-0.0931353,-0.126197,-0.271145,-0.423765,-0.130791,-0.00454865,0.294042,0.391999,-0.0633836,-0.0936074,-0.0164097,0.050466,0.500479,0.577193,-0.0328848,-0.0349353,-0.163991,-0.255306,-0.130791,-0.00454865,-0.0178008,0.0425262,0.0708594,0.0885908,-0.088361,-0.0892676,2.27307,2.18062,-0.633551,-0.639857,1.02806,0.980043,1.52755,1.76234,1.81271,1.86256,1.81034,1.64128,-0.97688,-0.978385,0.813455,0.69173,1.8243,2.01791,1.55927,1.65747
2.03,-0.0412803,-0.0850588,-0.0535136,-0.0630403,0.0854868,0.0793898,-0.189929,-0.207756,1.09958,1.09523,-0.607256,-0.608195,0.191725,0.279269,0.0436112,0.0215559,-0.139192,-0.0497105,0.335703,0.388848,-0.236167,-0.262539,-0.222604,-0.368234,-0.130784,-0.00454865,0.219413,0.314582,-0.0624435,-0.0925574,-0.0268902,0.0447959,0.366627,0.442888,-0.185555,-0.180111,-0.1549,-0.238181,-0.130784,-0.00454865,0.0121101,0.069844,0.0781684,0.0961175,-0.0981566,-0.102068,2.28975,2.19487,-0.6436,-0.648088,1.06099,1.01042,1.53282,1.76889,1.82978,1.87952,1.84723,1.65937,-1.02554,-1.032,0.885512,0.745561,1.84189,2.03674,1.58579,1.68482
2.04,-0.0337667,-0.0715741,-0.0551889,-0.0640685,0.0856065,0.0800159,-0.180221,-0.197302,1.12761,1.1248,-0.60845,-0.609706,0.118703,0.198043,0.0486683,0.022164,-0.180247,-0.0861975,0.196427,0.248665,-0.388191,-0.404621,-0.160971,-0.295711,-0.130797,-0.00454865,0.146201,0.232345,-0.0644371,-0.097095,-0.0649261,0.01166,0.230114,0.302621,-0.34332,-0.329341,-0.113079,-0.187746,-0.130797,-0.00454865,0.0386027,0.090241,0.0842084,0.102998,-0.10639,-0.112904,2.30548,2.20804,-0.664944,-0.666672,1.10707,1.05487,1.56394,1.79779,1.72176,1.77351,1.8798,1.667,-1.08006,-1.09134,0.959374,0.796665,1.87472,2.06871,1.55303,1.65533
2.05,-0.0311529,-0.0584412,-0.0561189,-0.063948,0.0829366,0.0774818,-0.171315,-0.186895,1.1548,1.15367,-0.60923,-0.610698,0.0617714,0.125801,0.0549436,0.0241728,-0.225832,-0.132353,0.0812743,0.129901,-0.487347,-0.491401,-0.0769357,-0.198019,-0.130787,-0.00454865,0.0853903,0.155028,-0.0638878,-0.101337,-0.131031,-0.0544461,0.103473,0.169431,-0.478231,-0.45564,-0.0447834,-0.10956,-0.130787,-0.00454865,0.0675552,0.109088,0.0887054,0.10797,-0.111379,-0.119856,2.31802,2.21762,-0.694465,-0.692954,1.14623,1.09241,1.5966,1.82795,1.75968,1.80772,1.90163,1.66016,-1.13571,-1.1506,1.02356,0.834436,1.90639,2.09863,1.58558,1.6872
2.06,-0.0425401,-0.0629853,-0.0571313,-0.0638647,0.0789418,0.0724527,-0.164835,-0.178871,1.17977,1.17974,-0.609884,-0.611318,0.0427207,0.0956163,0.0593768,0.0263875,-0.25681,-0.165649,0.024345,0.0693413,-0.494613,-0.489318,0.00206145,-0.109509,-0.130804,-0.00454865,0.0604402,0.117622,-0.0582834,-0.0995326,-0.198971,-0.12691,0.023461,0.0845553,-0.530396,-0.500835,0.0370823,-0.0189169,-0.130804,-0.00454865,0.104191,0.139722,0.0924228,0.111905,-0.125019,-0.136249,2.32422,2.22032,-0.72324,-0.714838,1.18078,1.12515,1.64819,1.87132,1.66245,1.72416,1.95683,1.66813,-1.21144,-1.23452,1.13099,0.898108,1.96204,2.14942,1.52706,1.63286
2.07,-0.0665633,-0.157865,-0.0632317,-0.0724826,0.0766717,0.0566761,-0.160967,-0.173569,1.20249,1.19717,-0.610834,-0.611414,0.0585297,0.157863,0.0653986,0.0373984,-0.280566,-0.223311,0.0176216,0,-0.447386,-0.492602,0.0701577,-0.037356,-0.130818,-0.00454865,0.0772076,0.172274,-0.0579253,-0.0936736,-0.251786,-0.238037,0.0102952,0,-0.492097,-0.511534,0.129092,0.0858983,-0.130818,-0.00454865,0.149718,0.279427,0.10201,0.116705,-0.137416,-0.119531,2.33703,2.22891,-0.759594,-0.777087,1.21894,1.19261,1.70299,1.93216,1.62955,1.6672,1.98348,1.62144,-1.28373,-1.26202,1.20215,0.939993,2.01932,2.18427,1.49876,1.56206
2.08,-0.0898374,-0.19237,-0.0696914,-0.0801566,0.0753314,0.0550179,-0.15868,-0.170592,1.22406,1.21774,-0.611567,-0.61198,0.0809799,0.187427,0.0728319,0.0470889,-0.282113,-0.222579,0.0262098,0,-0.423114,-0.470132,0.088462,-0.0242822,-0.130844,-0.00454865,0.0998601,0.20482,-0.0573266,-0.093379,-0.266395,-0.249789,0.0134484,0,-0.462095,-0.480632,0.183999,0.140601,-0.130844,-0.00454865,0.189297,0.333331,0.110723,0.125361,-0.16965,-0.148337,2.32256,2.2244,-0.782688,-0.801979,1.2271,1.21308,1.75476,1.97605,1.56084,1.62691,2.09894,1.57798,-1.38732,-1.35709,1.35548,0.94092,2.09346,2.24424,1.46632,1.54886
